date,price,open,high,low,volume,change_percent
Apr 16 2023,1227.35,1250.30,1269.95,1185.30,94.22M,-11.65%
Apr 09 2023,1389.20,1423.95,1434.00,1383.00,29.03M,-2.30%
Apr 02 2023,1421.90,1435.00,1435.00,1400.00,19.70M,-0.42%
Mar 26 2023,1427.95,1386.25,1429.95,1364.55,28.33M,3.43%
Mar 19 2023,1380.65,1419.70,1419.70,1370.00,40.28M,-2.82%
Mar 12 2023,1420.70,1464.20,1478.30,1398.70,40.17M,-3.46%
Mar 05 2023,1471.55,1494.55,1520.40,1457.65,19.50M,-0.52%
Feb 26 2023,1479.30,1540.00,1540.00,1467.30,28.98M,-4.60%
Feb 19 2023,1550.65,1584.95,1603.00,1545.00,16.36M,-2.09%
Feb 12 2023,1583.80,1597.00,1614.45,1566.00,19.66M,-1.54%
Feb 05 2023,1608.55,1598.00,1619.75,1555.10,28.58M,0.57%
Jan 29 2023,1599.40,1528.80,1604.65,1513.00,36.56M,5.28%
Jan 22 2023,1519.15,1535.00,1568.80,1507.40,20.42M,-0.42%
Jan 15 2023,1525.55,1510.00,1551.85,1502.30,30.50M,1.46%
Jan 08 2023,1503.65,1448.20,1519.40,1448.20,43.03M,3.81%
Jan 01 2023,1448.50,1514.00,1532.65,1446.50,31.72M,-3.96%
Dec 25 2022,1508.20,1500.50,1530.40,1496.35,23.69M,0.74%
Dec 18 2022,1497.10,1507.95,1529.95,1482.45,32.44M,-1.65%
Dec 11 2022,1522.20,1550.00,1588.50,1512.05,35.22M,-3.00%
Dec 04 2022,1569.30,1638.00,1644.85,1561.10,26.63M,-4.19%
Nov 27 2022,1637.90,1628.00,1672.60,1613.15,28.52M,0.14%
Nov 20 2022,1635.65,1582.10,1644.00,1562.00,19.56M,2.65%
Nov 13 2022,1593.40,1575.15,1609.00,1568.45,19.50M,1.48%
Nov 06 2022,1570.10,1521.40,1573.50,1485.00,18.88M,3.71%
Oct 30 2022,1514.00,1530.25,1575.00,1501.15,19.71M,0.05%
Oct 23 2022,1513.25,1518.50,1534.90,1507.00,14.71M,0.85%
Oct 16 2022,1500.50,1476.90,1510.95,1474.20,20.71M,1.78%
Oct 09 2022,1474.25,1426.35,1494.00,1413.55,43.39M,1.59%
Oct 02 2022,1451.20,1412.00,1459.80,1386.00,21.75M,2.67%
Sep 25 2022,1413.45,1360.00,1419.30,1355.00,39.24M,3.52%
Sep 18 2022,1365.45,1392.00,1413.55,1360.00,41.33M,-0.84%
Sep 11 2022,1377.05,1525.80,1553.00,1368.35,58.02M,-8.90%
Sep 04 2022,1511.65,1451.00,1520.00,1438.05,19.58M,4.04%
Aug 28 2022,1453.00,1468.55,1496.10,1448.00,28.12M,-4.51%
Aug 21 2022,1521.55,1586.00,1599.00,1513.75,19.80M,-4.73%
Aug 14 2022,1597.10,1609.00,1612.00,1574.00,16.45M,0.19%
Aug 07 2022,1594.10,1617.00,1631.35,1588.10,15.21M,-1.39%
Jul 31 2022,1616.65,1564.00,1625.70,1528.35,26.13M,4.32%
Jul 24 2022,1549.70,1480.10,1555.70,1445.00,33.29M,2.88%
Jul 17 2022,1506.30,1450.00,1540.00,1448.05,26.36M,5.31%
Jul 10 2022,1430.35,1495.00,1499.90,1410.65,26.45M,-5.55%
Jul 03 2022,1514.45,1480.25,1516.95,1462.00,24.37M,2.37%
Jun 26 2022,1479.40,1468.05,1488.25,1442.35,27.80M,2.66%
Jun 19 2022,1441.10,1390.05,1467.50,1382.00,29.49M,3.88%
Jun 12 2022,1387.30,1443.60,1448.90,1367.15,34.06M,-6.06%
Jun 05 2022,1476.80,1516.00,1536.60,1473.60,27.10M,-2.95%
May 29 2022,1521.70,1487.00,1555.00,1472.10,52.28M,4.13%
May 22 2022,1461.35,1455.10,1488.00,1399.25,42.54M,0.43%
May 15 2022,1455.15,1510.00,1549.70,1417.65,46.31M,-3.27%
May 08 2022,1504.40,1540.00,1586.80,1498.10,34.65M,-2.49%
May 01 2022,1542.85,1550.90,1589.40,1530.15,25.61M,-1.58%
Apr 24 2022,1567.55,1572.80,1601.80,1550.35,40.24M,-1.13%
Apr 17 2022,1585.45,1605.50,1650.00,1550.00,74.15M,-9.33%
Apr 10 2022,1748.55,1814.00,1814.00,1727.75,20.96M,-3.64%
Apr 03 2022,1814.60,1889.75,1893.00,1807.55,29.17M,-4.67%
Mar 27 2022,1903.55,1866.00,1919.00,1852.65,27.29M,1.44%
Mar 20 2022,1876.55,1861.00,1900.00,1839.00,27.49M,1.18%
Mar 13 2022,1854.60,1831.55,1923.30,1830.00,40.40M,1.79%
Mar 06 2022,1822.00,1697.00,1844.75,1696.00,42.23M,5.73%
Feb 27 2022,1723.30,1682.20,1736.00,1665.00,38.27M,1.69%
Feb 20 2022,1694.60,1701.00,1758.25,1670.50,42.81M,-0.72%
Feb 13 2022,1706.95,1690.00,1755.45,1678.25,27.02M,-0.84%
Feb 06 2022,1721.35,1722.20,1773.90,1695.40,26.12M,-1.13%
Jan 30 2022,1741.10,1718.00,1792.80,1710.15,26.70M,3.26%
Jan 23 2022,1686.20,1765.00,1768.65,1665.00,38.48M,-5.57%
Jan 16 2022,1785.70,1938.55,1953.90,1776.00,28.49M,-7.45%
Jan 09 2022,1929.35,1815.00,1933.00,1813.00,40.33M,6.34%
Jan 02 2022,1814.30,1887.75,1914.05,1800.00,25.53M,-3.89%
Dec 26 2021,1887.75,1860.00,1909.80,1845.05,18.43M,1.30%
Dec 19 2021,1863.50,1801.70,1875.75,1787.30,23.18M,2.34%
Dec 12 2021,1820.85,1767.05,1842.00,1710.35,35.23M,3.50%
Dec 05 2021,1759.25,1730.00,1769.40,1691.50,15.13M,1.37%
Nov 28 2021,1735.55,1691.00,1786.65,1669.15,36.26M,2.60%
Nov 21 2021,1691.65,1784.00,1785.40,1684.00,31.36M,-4.93%
Nov 14 2021,1779.40,1782.10,1808.95,1759.00,19.45M,-0.04%
Nov 07 2021,1780.20,1730.00,1782.85,1703.00,23.84M,4.18%
Oct 31 2021,1708.70,1677.50,1717.45,1676.00,11.12M,2.46%
Oct 24 2021,1667.75,1722.05,1734.15,1661.05,28.07M,-3.03%
Oct 17 2021,1719.80,1740.00,1848.00,1707.00,45.79M,0.24%
Oct 10 2021,1715.75,1682.00,1783.60,1662.00,43.04M,-0.47%
Oct 03 2021,1723.85,1672.50,1731.50,1663.00,21.81M,3.53%
Sep 26 2021,1665.15,1768.75,1769.00,1655.00,32.04M,-5.60%
Sep 19 2021,1763.85,1685.00,1788.00,1677.95,26.99M,4.29%
Sep 12 2021,1691.30,1683.00,1719.25,1675.20,24.37M,-0.02%
Sep 05 2021,1691.60,1705.15,1734.90,1682.15,16.31M,-0.53%
Aug 29 2021,1700.65,1703.05,1718.65,1662.65,38.79M,-0.48%
Aug 22 2021,1708.80,1735.75,1757.00,1705.20,31.95M,-1.39%
Aug 15 2021,1732.95,1707.70,1755.50,1686.55,26.97M,1.21%
Aug 08 2021,1712.20,1661.00,1722.50,1646.40,28.04M,3.76%
Aug 01 2021,1650.20,1627.45,1679.90,1619.20,26.98M,2.47%
Jul 25 2021,1610.50,1594.10,1623.40,1585.50,26.06M,1.26%
Jul 18 2021,1590.45,1544.70,1598.50,1537.55,22.77M,2.25%
Jul 11 2021,1555.45,1570.55,1596.85,1533.75,30.99M,-0.48%
Jul 04 2021,1562.90,1569.15,1586.75,1544.65,19.71M,-0.31%
Jun 27 2021,1567.80,1572.90,1591.00,1542.60,26.97M,-0.41%
Jun 20 2021,1574.20,1493.00,1578.00,1484.20,37.98M,4.72%
Jun 13 2021,1503.30,1471.00,1515.80,1453.45,41.41M,3.90%
Jun 06 2021,1446.90,1391.00,1451.60,1377.30,27.55M,4.42%
May 30 2021,1385.65,1401.50,1401.50,1365.00,27.80M,-1.38%
May 23 2021,1405.05,1356.65,1416.25,1345.10,34.80M,3.73%
May 16 2021,1354.50,1320.30,1357.50,1320.30,24.53M,2.89%
May 09 2021,1316.40,1349.85,1352.90,1311.30,23.68M,-2.67%
May 02 2021,1352.55,1340.80,1373.05,1324.10,23.19M,-0.13%
Apr 25 2021,1354.35,1332.25,1373.90,1321.00,29.37M,1.54%
Apr 18 2021,1333.80,1340.00,1379.70,1331.00,35.01M,-1.47%
Apr 11 2021,1353.75,1474.00,1477.55,1320.00,71.46M,-6.06%
Apr 04 2021,1441.05,1391.00,1455.00,1387.00,32.86M,4.03%
Mar 28 2021,1385.20,1346.90,1400.00,1336.15,24.44M,3.67%
Mar 21 2021,1336.20,1350.10,1383.25,1327.60,31.83M,-0.61%
Mar 14 2021,1344.45,1370.00,1406.00,1313.50,47.37M,-2.21%
Mar 07 2021,1374.85,1324.80,1391.70,1317.20,29.03M,4.42%
Feb 28 2021,1316.70,1263.30,1363.85,1259.00,43.80M,5.06%
Feb 21 2021,1253.30,1295.00,1308.55,1244.75,42.44M,-2.94%
Feb 14 2021,1291.30,1320.00,1328.40,1275.00,27.66M,-1.41%
Feb 07 2021,1309.80,1285.50,1332.00,1275.50,31.31M,2.96%
Jan 31 2021,1272.10,1250.55,1304.00,1241.00,34.47M,2.67%
Jan 24 2021,1239.05,1345.00,1347.90,1231.00,31.52M,-7.59%
Jan 17 2021,1340.85,1338.00,1361.05,1306.00,38.46M,-0.30%
Jan 10 2021,1344.95,1342.10,1392.80,1318.45,85.82M,2.50%
Jan 03 2021,1312.10,1269.00,1316.80,1255.50,46.66M,4.10%
Dec 27 2020,1260.45,1238.45,1265.50,1235.00,28.36M,1.97%
Dec 20 2020,1236.05,1188.00,1258.85,1152.05,44.95M,3.89%
Dec 13 2020,1189.80,1169.40,1195.00,1148.20,44.08M,2.29%
Dec 06 2020,1163.20,1147.30,1179.50,1136.00,50.20M,2.52%
Nov 29 2020,1134.65,1105.05,1147.45,1105.05,42.45M,3.15%
Nov 22 2020,1100.00,1105.00,1154.90,1091.00,64.29M,-0.30%
Nov 15 2020,1103.35,1137.00,1145.00,1091.10,41.95M,-1.85%
Nov 08 2020,1124.20,1129.30,1146.00,1078.00,53.84M,1.03%
Nov 01 2020,1112.75,1065.00,1123.00,1051.10,48.47M,4.92%
Oct 25 2020,1060.60,1122.25,1129.60,1052.35,39.83M,-5.51%
Oct 18 2020,1122.50,1135.00,1158.00,1110.00,63.50M,-0.44%
Oct 11 2020,1127.50,1123.00,1186.00,1092.50,111.46M,1.87%
Oct 04 2020,1106.80,1018.05,1124.00,1018.05,64.64M,8.76%
Sep 27 2020,1017.65,1014.80,1028.00,998.50,30.88M,0.61%
Sep 20 2020,1011.45,1001.00,1037.00,970.00,67.99M,0.93%
Sep 13 2020,1002.15,957.00,1021.00,948.30,72.07M,5.97%
Sep 06 2020,945.70,918.90,954.15,913.05,36.97M,2.89%
Aug 30 2020,919.15,935.25,950.50,912.10,42.87M,-1.72%
Aug 23 2020,935.25,947.00,960.95,933.05,30.93M,-1.43%
Aug 16 2020,948.80,954.10,972.45,946.55,33.94M,-0.50%
Aug 09 2020,953.60,948.90,968.50,942.20,29.19M,0.28%
Aug 02 2020,950.90,960.00,974.40,938.30,48.22M,-1.56%
Jul 26 2020,966.00,921.55,986.45,918.65,69.00M,4.68%
Jul 19 2020,922.85,908.50,949.70,900.65,76.92M,2.18%
Jul 12 2020,903.15,788.00,955.50,781.35,171.94M,15.51%
Jul 05 2020,781.85,765.20,796.95,761.50,48.71M,2.51%
Jun 28 2020,762.70,735.40,765.45,724.25,49.90M,1.94%
Jun 21 2020,748.20,707.10,751.60,692.10,71.16M,6.04%
Jun 14 2020,705.55,693.00,716.60,685.25,54.39M,1.95%
Jun 07 2020,692.05,707.65,729.60,675.50,46.68M,-1.63%
May 31 2020,703.55,698.75,711.90,691.50,49.22M,1.82%
May 24 2020,691.00,693.00,710.00,674.95,53.61M,-0.19%
May 17 2020,692.35,659.85,695.85,653.00,41.22M,6.14%
May 10 2020,652.30,682.50,699.90,646.70,49.16M,-3.25%
May 03 2020,674.20,689.80,701.20,662.45,36.63M,-5.77%
Apr 26 2020,715.50,661.05,720.00,653.05,39.37M,8.74%
Apr 19 2020,658.00,640.00,683.65,627.80,55.02M,4.65%
Apr 12 2020,628.75,629.00,653.30,603.50,46.96M,-1.18%
Apr 05 2020,636.25,615.00,655.65,612.90,38.88M,8.63%
Mar 29 2020,585.70,625.10,663.50,582.15,53.11M,-10.27%
Mar 22 2020,652.70,540.00,674.90,515.90,83.88M,11.53%
Mar 15 2020,585.20,622.00,622.15,509.25,88.53M,-8.90%
Mar 08 2020,642.35,724.50,725.85,570.00,57.34M,-13.07%
Mar 01 2020,738.95,737.00,773.55,729.10,45.63M,0.99%
Feb 23 2020,731.70,800.10,811.60,722.05,41.73M,-8.19%
Feb 16 2020,797.00,790.30,806.10,783.30,16.56M,1.34%
Feb 09 2020,786.45,774.00,799.20,769.20,20.80M,1.18%
Feb 02 2020,777.30,775.10,791.25,764.50,33.80M,0.17%
Jan 26 2020,775.95,779.05,792.80,771.60,25.65M,-0.87%
Jan 19 2020,782.75,771.60,786.50,760.75,38.14M,1.94%
Jan 12 2020,767.85,760.00,777.50,755.00,63.92M,4.02%
Jan 05 2020,738.15,746.10,753.80,708.30,45.92M,-1.05%
Dec 29 2019,746.00,736.10,748.00,725.45,27.95M,1.23%
Dec 22 2019,736.95,732.15,737.50,726.55,15.09M,0.74%
Dec 15 2019,731.55,712.30,737.30,710.20,43.35M,2.85%
Dec 08 2019,711.30,716.00,722.70,699.55,38.35M,-0.53%
Dec 01 2019,715.10,703.10,720.00,688.55,32.09M,2.69%
Nov 24 2019,696.35,693.35,707.25,686.00,47.55M,0.45%
Nov 17 2019,693.20,705.00,721.45,685.10,44.24M,-1.52%
Nov 10 2019,703.90,698.90,712.95,687.75,34.83M,-0.60%
Nov 03 2019,708.15,681.80,732.50,678.15,85.97M,2.94%
Oct 27 2019,687.90,651.10,695.45,645.55,79.65M,7.91%
Oct 20 2019,637.45,691.10,691.10,615.10,192.89M,-16.98%
Oct 13 2019,767.85,786.75,797.00,760.00,59.58M,-5.76%
Oct 06 2019,814.80,794.85,823.80,776.60,41.05M,2.69%
Sep 29 2019,793.45,785.10,808.00,784.15,27.76M,1.44%
Sep 22 2019,782.20,806.90,806.90,741.90,63.84M,-2.83%
Sep 15 2019,805.00,832.05,837.95,802.00,42.65M,-2.93%
Sep 08 2019,829.30,836.80,840.30,810.85,21.59M,-1.29%
Sep 01 2019,840.15,815.00,847.00,810.25,25.88M,3.10%
Aug 25 2019,814.90,795.90,817.35,781.10,43.36M,1.58%
Aug 18 2019,802.20,775.60,809.95,773.35,30.36M,3.57%
Aug 11 2019,774.55,784.15,786.00,760.15,18.59M,-1.94%
Aug 04 2019,789.85,772.60,796.75,768.65,36.81M,1.84%
Jul 28 2019,775.60,789.50,799.80,762.25,43.17M,-1.45%
Jul 21 2019,787.00,785.95,804.00,782.05,38.35M,0.20%
Jul 14 2019,785.40,763.00,798.50,754.20,61.09M,8.07%
Jul 07 2019,726.75,716.45,730.60,706.50,33.90M,1.22%
Jun 30 2019,718.00,735.00,743.20,713.50,22.22M,-1.91%
Jun 23 2019,732.00,751.90,751.90,728.15,30.93M,-2.43%
Jun 16 2019,750.20,743.00,756.90,735.90,34.23M,1.32%
Jun 09 2019,740.45,740.10,759.00,738.25,29.27M,0.18%
Jun 02 2019,739.10,729.80,750.90,729.00,30.26M,0.18%
May 26 2019,737.75,707.40,742.95,705.50,67.78M,4.03%
May 19 2019,709.20,719.70,726.40,697.45,39.91M,-2.03%
May 12 2019,723.90,716.55,737.00,703.60,38.62M,0.98%
May 05 2019,716.85,715.00,730.30,710.65,36.60M,-0.93%
Apr 28 2019,723.60,738.00,753.80,718.20,22.62M,-1.95%
Apr 21 2019,738.00,717.05,739.80,715.00,35.16M,2.92%
Apr 14 2019,717.05,724.70,731.35,712.60,57.90M,-4.11%
Apr 07 2019,747.75,763.05,773.00,740.05,33.93M,-1.52%
Mar 31 2019,759.30,742.00,765.80,742.00,34.73M,2.08%
Mar 24 2019,743.85,742.40,747.95,719.10,40.64M,0.10%
Mar 17 2019,743.10,721.55,746.35,705.35,39.34M,3.42%
Mar 10 2019,718.55,713.30,723.75,705.60,54.33M,0.87%
Mar 03 2019,712.35,740.50,742.50,710.65,24.05M,-3.98%
Feb 24 2019,741.90,735.55,758.00,732.30,33.36M,0.95%
Feb 17 2019,734.95,742.35,747.65,721.30,30.91M,-0.94%
Feb 10 2019,741.95,766.90,768.75,732.60,28.06M,-2.49%
Feb 03 2019,760.90,757.00,772.25,747.00,24.40M,0.51%
Jan 27 2019,757.05,731.00,762.50,716.50,40.57M,3.66%
Jan 20 2019,730.35,734.16,746.89,721.00,35.04M,0.47%
Jan 13 2019,726.95,703.14,734.96,692.15,61.45M,6.94%
Jan 06 2019,679.76,661.36,686.03,657.88,56.65M,3.40%
Dec 30 2018,657.44,656.39,673.30,647.44,28.45M,0.62%
Dec 23 2018,653.36,653.41,659.87,633.87,34.63M,1.66%
Dec 16 2018,642.67,707.96,707.96,639.93,45.60M,-8.48%
Dec 09 2018,702.19,666.24,709.80,656.99,36.25M,3.41%
Dec 02 2018,679.07,669.47,684.49,660.92,34.86M,2.30%
Nov 25 2018,663.80,617.60,671.21,596.57,68.93M,7.52%
Nov 18 2018,617.36,655.40,658.38,608.75,32.40M,-4.62%
Nov 11 2018,647.29,662.36,672.70,637.00,32.68M,-1.31%
Nov 04 2018,655.90,659.87,675.29,651.92,23.23M,-0.42%
Oct 28 2018,658.63,630.24,689.16,628.05,40.39M,4.52%
Oct 21 2018,630.14,684.93,691.25,626.46,36.51M,-7.31%
Oct 14 2018,679.81,684.84,717.85,674.29,48.59M,0.70%
Oct 07 2018,675.09,721.09,724.72,657.88,42.80M,-6.32%
Sep 30 2018,720.64,733.47,750.77,698.66,30.76M,-0.75%
Sep 23 2018,726.06,702.64,731.98,702.64,46.92M,3.51%
Sep 16 2018,701.44,730.98,735.95,688.22,32.36M,-3.87%
Sep 09 2018,729.69,733.72,742.92,725.06,25.13M,0.12%
Sep 02 2018,728.79,720.54,744.41,711.09,47.11M,1.70%
Aug 26 2018,716.61,687.72,723.17,686.92,41.54M,4.56%
Aug 19 2018,685.38,690.21,700.13,683.00,39.23M,-3.64%
Aug 12 2018,711.27,691.20,714.90,685.58,29.15M,3.24%
Aug 05 2018,688.94,679.29,690.93,670.07,28.71M,1.57%
Jul 29 2018,678.32,681.26,682.75,664.12,28.94M,-0.68%
Jul 22 2018,682.97,672.38,693.09,664.47,34.64M,1.88%
Jul 15 2018,670.36,655.10,688.42,640.33,70.25M,2.33%
Jul 08 2018,655.10,644.96,667.38,636.03,57.29M,2.58%
Jul 01 2018,638.61,653.41,675.24,630.58,46.22M,-1.76%
Jun 24 2018,650.03,625.14,653.91,623.57,40.13M,4.76%
Jun 17 2018,620.51,638.49,642.09,614.62,31.27M,-2.61%
Jun 10 2018,637.12,624.38,642.22,613.68,46.33M,2.49%
Jun 03 2018,621.67,602.45,622.63,597.96,26.16M,3.22%
May 27 2018,602.30,607.33,614.86,594.80,40.17M,-0.61%
May 20 2018,606.00,581.95,616.04,577.24,42.29M,3.81%
May 13 2018,583.75,584.32,595.99,577.24,32.91M,0.21%
May 06 2018,582.54,582.79,587.10,572.82,20.64M,0.65%
Apr 29 2018,578.77,583.01,595.96,569.84,27.16M,-1.02%
Apr 22 2018,584.74,576.25,599.14,565.00,60.92M,0.57%
Apr 15 2018,581.41,543.69,588.93,543.69,78.37M,0.60%
Apr 08 2018,577.95,555.04,585.08,545.37,63.43M,3.94%
Apr 01 2018,556.02,562.93,568.01,552.57,30.66M,-0.42%
Mar 25 2018,558.39,575.71,575.71,555.65,25.29M,-3.07%
Mar 18 2018,576.05,574.28,582.42,563.60,42.59M,-0.37%
Mar 11 2018,578.18,580.20,590.56,576.79,44.74M,0.73%
Mar 04 2018,573.98,572.67,577.63,561.47,31.48M,0.23%
Feb 25 2018,572.67,567.86,586.86,555.36,35.55M,0.44%
Feb 18 2018,570.16,556.71,575.27,544.55,54.74M,2.45%
Feb 11 2018,556.54,550.00,563.25,537.87,32.51M,1.70%
Feb 04 2018,547.22,562.44,569.76,540.31,41.94M,-2.98%
Jan 28 2018,564.04,575.54,590.19,551.85,51.91M,-2.74%
Jan 21 2018,579.90,558.56,602.42,558.49,59.21M,2.79%
Jan 14 2018,564.14,532.84,574.72,525.48,78.64M,6.03%
Jan 07 2018,532.07,505.65,535.75,503.26,59.80M,6.57%
Dec 31 2017,499.29,511.97,515.32,496.33,38.36M,-2.88%
Dec 24 2017,514.11,508.17,517.44,504.71,32.81M,0.26%
Dec 17 2017,512.78,499.24,515.47,492.58,39.31M,1.61%
Dec 10 2017,504.66,490.87,506.39,490.38,36.23M,2.10%
Dec 03 2017,494.28,483.50,496.82,477.85,48.81M,4.49%
Nov 26 2017,473.04,496.67,496.67,472.18,35.82M,-5.03%
Nov 19 2017,498.08,478.07,502.89,472.27,47.63M,3.98%
Nov 12 2017,479.03,474.64,491.34,465.37,41.52M,0.93%
Nov 05 2017,474.64,455.45,475.78,455.20,35.19M,3.82%
Oct 29 2017,457.18,470.99,470.99,452.39,36.94M,-2.08%
Oct 22 2017,466.90,458.83,472.50,451.55,79.85M,2.09%
Oct 15 2017,457.33,461.77,464.75,455.35,19.71M,-0.34%
Oct 08 2017,458.88,453.90,463.74,450.94,34.09M,1.08%
Oct 01 2017,453.97,449.01,454.88,442.62,27.12M,2.25%
Sep 24 2017,443.98,444.52,448.17,438.65,45.70M,0.18%
Sep 17 2017,443.19,448.96,452.79,438.11,46.09M,-1.10%
Sep 10 2017,448.10,439.29,450.57,431.03,69.66M,2.71%
Sep 03 2017,436.28,454.39,454.44,435.20,42.54M,-4.40%
Aug 27 2017,456.37,468.27,473.23,451.43,93.69M,0.86%
Aug 20 2017,452.50,458.38,458.38,426.63,243.31M,-1.20%
Aug 13 2017,458.00,490.13,510.59,438.63,200.18M,-6.53%
Aug 06 2017,489.98,487.89,494.59,473.78,31.69M,0.40%
Jul 30 2017,488.02,492.06,506.84,484.20,41.09M,-1.36%
Jul 23 2017,494.76,487.89,498.06,477.38,43.92M,1.76%
Jul 16 2017,486.21,483.68,498.46,479.68,34.64M,0.83%
Jul 09 2017,482.21,468.79,510.41,464.97,47.16M,3.92%
Jul 02 2017,464.03,466.86,481.20,462.87,24.09M,-0.02%
Jun 25 2017,464.11,468.79,470.28,456.89,32.94M,-0.82%
Jun 18 2017,467.93,466.29,480.55,460.36,31.64M,0.32%
Jun 11 2017,466.44,467.98,480.18,464.33,37.44M,-0.88%
Jun 04 2017,470.58,481.20,490.57,457.88,45.88M,-2.15%
May 28 2017,480.92,491.56,496.08,475.52,27.22M,-2.64%
May 21 2017,493.94,475.44,496.08,471.08,30.61M,3.94%
May 14 2017,475.22,477.97,483.13,467.73,28.66M,-0.65%
May 07 2017,478.34,465.32,479.21,462.34,27.93M,3.51%
Apr 30 2017,462.10,458.38,466.14,453.96,17.60M,1.37%
Apr 23 2017,455.87,455.15,464.11,451.53,32.21M,-0.52%
Apr 16 2017,458.23,461.35,463.73,452.75,30.06M,-0.83%
Apr 09 2017,462.05,488.59,491.12,459.69,55.85M,-5.11%
Apr 02 2017,486.93,512.03,512.18,485.66,23.50M,-3.98%
Mar 26 2017,507.12,509.57,516.84,500.05,45.77M,-0.89%
Mar 19 2017,511.65,509.25,517.91,503.57,22.67M,-0.86%
Mar 12 2017,516.07,507.39,517.36,499.80,30.46M,1.81%
Mar 05 2017,506.92,506.02,513.91,495.58,24.14M,-0.91%
Feb 26 2017,511.56,499.70,513.09,496.28,23.90M,2.22%
Feb 19 2017,500.47,494.34,511.46,489.33,28.42M,0.87%
Feb 12 2017,496.13,482.61,502.97,477.65,47.99M,3.29%
Feb 05 2017,480.35,464.95,482.19,460.63,46.48M,3.44%
Jan 29 2017,464.38,465.07,472.02,448.63,67.22M,-0.64%
Jan 22 2017,467.38,468.79,475.24,447.04,35.39M,-0.69%
Jan 15 2017,470.63,478.72,478.94,469.29,41.87M,-2.78%
Jan 08 2017,484.07,482.31,515.92,477.57,77.86M,0.36%
Jan 01 2017,482.31,501.58,502.50,480.23,38.79M,-3.80%
Dec 25 2016,501.34,490.13,502.03,483.73,27.11M,2.24%
Dec 18 2016,490.35,499.10,506.99,480.95,33.47M,-1.66%
Dec 11 2016,498.63,487.55,505.48,478.81,29.99M,1.60%
Dec 04 2016,490.79,479.16,500.12,475.24,25.20M,2.57%
Nov 27 2016,478.47,485.81,488.49,476.76,31.06M,-1.33%
Nov 20 2016,484.92,459.81,488.64,449.92,51.09M,6.25%
Nov 13 2016,456.39,458.38,474.67,450.71,33.21M,-0.17%
Nov 06 2016,457.16,488.64,490.00,446.97,36.95M,-5.09%
Oct 30 2016,481.69,499.45,499.45,476.73,22.94M,-2.66%
Oct 23 2016,494.84,514.68,517.26,492.68,24.38M,-3.93%
Oct 16 2016,515.08,513.42,521.23,504.68,25.31M,1.09%
Oct 09 2016,509.55,504.51,537.10,494.22,48.65M,1.44%
Oct 02 2016,502.30,513.69,521.58,501.09,21.04M,-2.27%
Sep 25 2016,513.96,517.29,520.83,507.98,33.74M,-0.62%
Sep 18 2016,517.19,518.90,530.26,515.92,23.09M,-1.66%
Sep 11 2016,525.92,508.60,528.08,508.60,26.01M,2.38%
Sep 04 2016,513.69,515.05,525.35,507.98,29.79M,0.35%
Aug 28 2016,511.88,504.81,518.77,501.53,26.95M,1.14%
Aug 21 2016,506.12,505.01,526.86,500.59,35.47M,-0.10%
Aug 14 2016,506.64,516.91,524.88,505.23,37.15M,-3.88%
Aug 07 2016,527.11,530.31,543.21,525.84,29.90M,-0.51%
Jul 31 2016,529.81,531.55,539.66,525.84,32.98M,-0.54%
Jul 24 2016,532.71,527.33,543.95,527.33,42.51M,0.13%
Jul 17 2016,532.02,534.40,540.73,523.44,52.61M,-0.01%
Jul 10 2016,532.07,579.12,593.33,521.87,87.04M,-7.40%
Jul 03 2016,574.56,583.49,592.61,572.23,20.48M,-1.21%
Jun 26 2016,581.60,581.43,587.60,573.02,32.04M,-1.85%
Jun 19 2016,592.59,585.87,602.66,575.45,25.66M,1.28%
Jun 12 2016,585.12,583.78,591.70,578.43,28.76M,-0.09%
Jun 05 2016,585.67,627.49,633.49,580.46,37.78M,-6.81%
May 29 2016,628.48,615.88,634.63,614.64,32.96M,1.55%
May 22 2016,618.86,596.98,624.81,584.18,24.25M,3.82%
May 15 2016,596.09,600.35,608.07,594.25,20.54M,-0.47%
May 08 2016,598.89,586.36,603.55,585.67,21.29M,2.18%
May 01 2016,586.12,600.25,601.35,580.73,25.15M,-2.20%
Apr 24 2016,599.31,601.27,616.30,595.84,32.90M,-0.26%
Apr 17 2016,600.87,620.10,628.98,598.77,43.67M,3.29%
Apr 10 2016,581.75,578.33,592.79,571.04,24.12M,0.60%
Apr 03 2016,578.30,602.02,619.11,576.47,24.15M,-3.29%
Mar 27 2016,598.00,611.37,613.65,591.10,47.05M,-0.19%
Mar 20 2016,599.16,589.34,600.60,581.40,18.57M,1.21%
Mar 13 2016,592.02,568.51,594.80,560.05,31.44M,4.41%
Mar 06 2016,567.02,576.94,590.58,564.64,42.36M,-2.36%
Feb 28 2016,580.73,560.32,591.75,529.96,31.86M,4.41%
Feb 21 2016,556.18,561.06,567.39,546.23,20.03M,-0.54%
Feb 14 2016,559.20,543.83,562.65,532.64,22.55M,3.93%
Feb 07 2016,538.07,577.31,581.50,529.32,30.29M,-7.67%
Jan 31 2016,582.74,580.41,592.79,571.85,26.66M,0.84%
Jan 24 2016,577.88,565.65,580.41,557.86,29.57M,2.52%
Jan 17 2016,563.67,565.48,576.49,554.12,38.25M,-0.32%
Jan 10 2016,565.48,524.01,577.43,511.38,63.94M,7.20%
Jan 03 2016,527.48,545.66,546.90,519.84,22.96M,-3.80%
Dec 27 2015,548.29,540.73,550.65,537.25,23.78M,0.81%
Dec 20 2015,543.88,534.28,549.36,528.79,12.54M,1.22%
Dec 13 2015,537.33,520.63,550.55,519.91,27.92M,2.88%
Dec 06 2015,522.27,523.51,527.21,507.26,28.03M,0.36%
Nov 29 2015,520.41,530.80,544.84,515.97,44.28M,-1.62%
Nov 22 2015,528.99,520.88,530.80,514.43,24.94M,1.33%
Nov 15 2015,522.07,537.57,542.71,501.66,38.74M,-4.40%
Nov 08 2015,546.08,555.61,565.53,540.73,15.03M,-3.30%
Nov 01 2015,564.69,560.57,574.26,552.68,15.74M,0.25%
Oct 25 2015,563.27,572.47,574.71,560.57,23.65M,-1.26%
Oct 18 2015,570.44,546.68,571.98,545.93,29.45M,5.02%
Oct 11 2015,543.16,594.80,605.12,538.34,69.27M,-6.21%
Oct 04 2015,579.12,581.90,591.60,558.61,45.64M,-0.48%
Sep 27 2015,581.92,565.50,594.18,544.45,38.85M,2.85%
Sep 20 2015,565.80,545.69,571.83,541.97,32.14M,3.27%
Sep 13 2015,547.89,545.19,554.57,537.08,30.90M,1.25%
Sep 06 2015,541.10,538.22,548.86,522.02,38.04M,1.57%
Aug 30 2015,532.76,562.97,562.97,529.32,46.07M,-3.34%
Aug 23 2015,551.17,550.62,558.04,518.15,61.91M,-3.38%
Aug 16 2015,570.44,570.49,588.45,554.37,33.32M,0.06%
Aug 09 2015,570.12,544.69,579.77,523.64,36.63M,4.90%
Aug 02 2015,543.50,534.77,548.41,521.38,34.04M,1.72%
Jul 26 2015,534.30,539.19,541.72,522.99,42.19M,-0.97%
Jul 19 2015,539.53,496.77,569.99,489.83,67.54M,8.56%
Jul 12 2015,497.00,466.81,498.31,463.36,22.95M,6.87%
Jul 05 2015,465.07,488.64,491.12,462.67,30.83M,-5.33%
Jun 28 2015,491.27,489.63,498.56,486.16,25.49M,-1.49%
Jun 21 2015,498.68,498.51,510.34,489.95,32.17M,0.99%
Jun 14 2015,493.77,484.64,506.50,480.20,27.02M,0.79%
Jun 07 2015,489.89,501.04,507.18,485.04,39.17M,-1.82%
May 31 2015,498.97,504.21,511.95,497.32,29.51M,-0.57%
May 24 2015,501.82,508.60,510.10,484.92,47.07M,-1.14%
May 17 2015,507.60,488.64,511.43,486.55,39.57M,4.32%
May 10 2015,486.59,487.40,496.08,473.26,31.59M,0.19%
May 03 2015,485.65,486.03,497.00,473.75,45.84M,0.81%
Apr 26 2015,481.75,496.08,496.57,479.29,51.64M,-2.66%
Apr 19 2015,494.89,539.73,540.73,491.12,89.52M,-8.45%
Apr 12 2015,540.54,555.11,556.85,534.14,26.57M,-2.45%
Apr 05 2015,554.11,540.48,555.11,530.31,44.17M,2.76%
Mar 29 2015,539.22,547.07,563.95,535.19,19.38M,-1.28%
Mar 22 2015,546.22,558.83,564.29,528.82,43.80M,-2.45%
Mar 15 2015,559.94,548.30,566.02,548.30,30.59M,1.67%
Mar 08 2015,550.75,560.32,560.32,535.81,32.96M,-1.21%
Mar 01 2015,557.49,571.23,573.94,553.96,22.01M,-0.80%
Feb 22 2015,561.99,570.49,579.12,556.95,31.82M,-0.76%
Feb 15 2015,566.30,565.60,579.42,560.11,31.50M,-0.57%
Feb 08 2015,569.52,545.69,577.11,545.69,32.80M,2.94%
Feb 01 2015,553.25,531.18,557.54,521.38,38.46M,4.14%
Jan 25 2015,531.27,550.89,550.89,527.57,53.08M,-3.30%
Jan 18 2015,549.42,525.84,551.89,519.54,38.83M,4.57%
Jan 11 2015,525.42,518.90,535.76,514.68,46.51M,2.11%
Jan 04 2015,514.54,498.53,523.11,474.51,85.28M,3.04%
Dec 28 2014,499.35,485.18,500.80,483.68,23.18M,3.12%
Dec 21 2014,484.23,497.57,501.51,475.01,48.27M,-2.32%
Dec 14 2014,495.74,472.50,498.06,470.36,82.86M,3.09%
Dec 07 2014,480.86,498.31,500.79,474.99,207.03M,-6.36%
Nov 30 2014,513.52,544.07,545.96,510.91,58.53M,-5.03%
Nov 23 2014,540.71,520.88,545.44,519.88,65.60M,5.16%
Nov 16 2014,514.20,519.02,524.91,508.68,31.74M,-1.09%
Nov 09 2014,519.85,517.79,522.30,508.12,27.43M,0.60%
Nov 02 2014,516.74,505.62,518.77,500.10,28.79M,2.85%
Oct 26 2014,502.43,477.48,504.26,466.93,43.58M,6.47%
Oct 19 2014,471.90,477.85,479.03,460.11,39.79M,-1.21%
Oct 12 2014,477.68,482.35,494.22,475.88,42.79M,-0.95%
Oct 05 2014,482.27,467.47,484.67,443.08,98.72M,1.08%
Sep 28 2014,477.14,459.00,478.71,456.53,21.39M,4.54%
Sep 21 2014,456.41,456.39,461.38,445.92,60.98M,-0.59%
Sep 14 2014,459.13,454.53,469.77,449.40,41.78M,0.88%
Sep 07 2014,455.14,462.93,470.10,450.27,24.84M,-1.63%
Aug 31 2014,462.69,447.72,470.65,440.96,31.79M,3.67%
Aug 24 2014,446.32,446.35,452.67,441.76,23.21M,-0.06%
Aug 17 2014,446.59,447.96,447.96,437.79,26.29M,-0.32%
Aug 10 2014,448.03,437.04,449.91,435.31,27.25M,3.73%
Aug 03 2014,431.92,416.09,447.51,415.38,53.64M,4.23%
Jul 27 2014,414.39,414.85,421.03,411.85,30.60M,-0.32%
Jul 20 2014,415.74,403.68,421.54,395.39,38.91M,3.09%
Jul 13 2014,403.26,411.12,414.96,395.10,26.01M,-2.26%
Jul 06 2014,412.57,404.92,425.63,403.14,58.54M,2.49%
Jun 29 2014,402.56,399.34,404.68,395.68,31.33M,0.70%
Jun 22 2014,399.76,409.26,410.37,392.99,37.67M,-2.81%
Jun 15 2014,411.32,395.13,414.15,394.38,49.41M,4.07%
Jun 08 2014,395.25,372.80,408.90,369.09,72.99M,6.12%
Jun 01 2014,372.44,367.16,380.54,365.86,47.60M,2.17%
May 25 2014,364.54,380.86,395.37,357.18,85.50M,-4.24%
May 18 2014,380.68,396.61,396.61,372.07,51.74M,-3.40%
May 11 2014,394.08,386.72,414.23,379.38,42.13M,2.13%
May 04 2014,385.88,395.87,400.96,377.82,39.70M,-3.36%
Apr 27 2014,399.31,393.02,402.69,392.52,23.38M,1.39%
Apr 20 2014,393.84,398.10,399.34,389.72,30.73M,-0.52%
Apr 13 2014,395.88,413.26,420.18,390.35,42.37M,-1.33%
Apr 06 2014,401.22,409.02,411.06,392.52,57.70M,-2.44%
Mar 30 2014,411.25,407.44,416.21,400.59,32.08M,1.64%
Mar 23 2014,404.63,405.82,411.55,398.84,44.91M,-1.30%
Mar 16 2014,409.97,421.67,423.14,401.67,47.99M,-2.61%
Mar 09 2014,420.94,462.56,462.56,413.61,67.46M,-9.25%
Mar 02 2014,463.87,474.37,477.47,459.90,40.38M,-2.21%
Feb 23 2014,474.36,464.58,475.88,462.59,29.65M,1.98%
Feb 16 2014,465.16,457.01,466.56,452.30,39.95M,2.92%
Feb 09 2014,451.96,443.98,454.41,441.20,25.64M,2.18%
Feb 02 2014,442.32,457.01,457.88,439.15,26.55M,-3.64%
Jan 26 2014,459.01,461.35,466.80,453.12,42.86M,-1.52%
Jan 19 2014,466.08,460.36,471.15,459.42,43.42M,0.76%
Jan 12 2014,462.56,444.24,466.89,444.24,84.95M,5.03%
Jan 05 2014,440.42,443.38,444.05,423.88,70.65M,-0.39%
Dec 29 2013,442.15,442.46,443.37,428.39,31.38M,0.11%
Dec 22 2013,441.67,434.07,443.00,429.18,30.21M,0.28%
Dec 15 2013,440.44,419.19,443.12,415.94,46.03M,5.26%
Dec 08 2013,418.42,417.33,420.41,411.87,41.30M,1.44%
Dec 01 2013,412.46,415.71,421.54,411.52,33.02M,-0.86%
Nov 24 2013,416.03,415.71,419.04,404.92,32.72M,0.21%
Nov 17 2013,415.17,420.55,427.62,410.89,30.82M,-0.20%
Nov 10 2013,415.99,415.47,421.42,411.25,23.29M,-0.17%
Nov 03 2013,416.71,403.31,421.66,400.96,24.83M,2.54%
Oct 27 2013,406.37,411.40,417.32,405.47,30.06M,-1.65%
Oct 20 2013,413.18,413.36,418.90,404.94,35.65M,0.51%
Oct 13 2013,411.07,403.81,417.58,403.81,43.91M,1.22%
Oct 06 2013,406.10,373.92,413.98,372.85,103.88M,8.56%
Sep 29 2013,374.09,374.56,378.88,371.75,36.03M,0.32%
Sep 22 2013,372.88,372.68,378.38,370.94,45.10M,0.38%
Sep 15 2013,371.46,375.16,379.25,369.59,45.12M,-1.09%
Sep 08 2013,375.54,376.03,395.37,373.71,47.24M,-0.03%
Sep 01 2013,375.66,381.62,389.41,371.45,43.29M,-2.47%
Aug 25 2013,385.19,374.53,388.18,373.11,61.19M,3.50%
Aug 18 2013,372.15,370.83,376.58,362.40,39.61M,0.75%
Aug 11 2013,369.38,369.08,383.83,368.05,39.23M,0.47%
Aug 04 2013,367.66,371.91,375.16,364.62,30.80M,-1.47%
Jul 28 2013,373.15,360.90,374.54,360.90,43.16M,3.28%
Jul 21 2013,361.31,350.01,366.23,349.98,31.87M,2.31%
Jul 14 2013,353.14,345.40,355.32,332.50,55.23M,1.54%
Jul 07 2013,347.78,308.19,360.35,305.15,89.47M,14.17%
Jun 30 2013,304.62,306.20,308.01,296.73,24.22M,-1.71%
Jun 23 2013,309.91,297.96,311.01,290.83,41.07M,3.31%
Jun 16 2013,299.97,299.07,305.09,290.55,25.81M,0.99%
Jun 09 2013,297.02,305.09,311.85,294.55,25.91M,-2.12%
Jun 02 2013,303.45,313.15,325.55,299.62,64.14M,1.45%
May 26 2013,299.10,290.35,301.98,287.29,37.56M,2.72%
May 19 2013,291.19,290.95,301.74,289.46,29.45M,-0.16%
May 12 2013,291.66,292.07,294.26,286.89,31.82M,-0.84%
May 05 2013,294.12,287.11,295.79,287.11,29.36M,2.76%
Apr 28 2013,286.23,273.59,288.22,271.11,36.30M,4.34%
Apr 21 2013,274.33,284.20,284.38,273.15,48.16M,-3.65%
Apr 14 2013,284.71,284.00,292.31,273.34,109.24M,-0.04%
Apr 07 2013,284.83,353.46,364.07,281.36,136.16M,-19.86%
Mar 31 2013,355.42,360.99,372.00,353.46,37.37M,-0.81%
Mar 24 2013,358.34,352.86,359.28,351.30,20.80M,0.92%
Mar 17 2013,355.09,355.47,358.97,350.67,44.73M,-0.52%
Mar 10 2013,356.96,369.80,370.82,352.58,36.90M,-3.10%
Mar 03 2013,368.37,362.88,373.27,356.20,49.36M,1.94%
Feb 24 2013,361.37,355.94,368.26,355.64,49.88M,2.58%
Feb 17 2013,352.28,345.15,354.08,342.67,27.21M,1.86%
Feb 10 2013,345.84,347.41,350.73,340.03,30.25M,-0.03%
Feb 03 2013,345.95,344.90,349.33,340.43,38.95M,0.67%
Jan 27 2013,343.65,348.74,350.68,341.30,45.11M,-1.55%
Jan 20 2013,349.07,342.67,350.73,342.67,38.12M,0.95%
Jan 13 2013,345.77,342.27,351.84,341.33,102.02M,2.80%
Jan 06 2013,336.35,291.58,337.58,286.39,131.53M,15.43%
Dec 30 2012,291.39,287.11,292.06,285.68,29.82M,1.13%
Dec 23 2012,288.12,287.86,289.08,282.35,22.76M,1.15%
Dec 16 2012,284.85,281.15,287.89,278.42,44.61M,0.79%
Dec 09 2012,282.62,287.84,290.70,281.03,52.05M,-1.82%
Dec 02 2012,287.87,302.24,304.22,286.62,44.21M,-4.75%
Nov 25 2012,302.22,296.50,307.57,296.50,26.92M,2.50%
Nov 18 2012,294.86,290.70,297.52,286.83,25.77M,1.46%
Nov 11 2012,290.62,292.07,296.03,282.62,27.09M,-0.23%
Nov 04 2012,291.28,295.55,299.38,290.83,27.64M,-1.65%
Oct 28 2012,296.17,287.85,298.22,286.15,31.04M,2.51%
Oct 21 2012,288.92,293.71,297.40,287.86,23.99M,-2.25%
Oct 14 2012,295.58,295.87,299.14,290.84,48.91M,-0.50%
Oct 07 2012,297.07,313.12,319.98,286.61,94.76M,-5.20%
Sep 30 2012,313.38,316.41,324.96,255.55,35.45M,-0.32%
Sep 23 2012,314.38,322.45,323.81,313.30,49.70M,-2.25%
Sep 16 2012,321.62,328.53,328.65,315.88,40.96M,-1.47%
Sep 09 2012,326.43,309.55,327.99,306.90,33.74M,5.82%
Sep 02 2012,308.47,293.43,309.30,289.24,24.37M,5.32%
Aug 26 2012,292.89,301.39,304.03,292.03,36.16M,-3.40%
Aug 19 2012,303.20,293.31,307.94,293.31,38.80M,3.99%
Aug 12 2012,291.58,285.41,292.07,283.92,20.28M,1.65%
Aug 05 2012,286.86,275.60,287.85,273.76,29.32M,4.73%
Jul 29 2012,273.90,267.88,277.31,267.58,22.64M,2.79%
Jul 22 2012,266.47,272.84,274.33,260.60,39.92M,-3.16%
Jul 15 2012,275.17,276.56,279.04,268.17,55.88M,-0.50%
Jul 08 2012,276.54,300.26,310.35,275.08,112.34M,-8.79%
Jul 01 2012,303.18,310.42,312.38,302.61,28.66M,-2.57%
Jun 24 2012,311.19,306.94,312.41,301.31,43.93M,1.40%
Jun 17 2012,306.88,314.39,315.55,300.93,33.02M,-1.91%
Jun 10 2012,312.85,301.00,314.02,297.92,28.04M,4.27%
Jun 03 2012,300.03,294.42,308.67,290.83,31.79M,1.26%
May 27 2012,296.31,296.90,316.50,293.01,46.09M,0.69%
May 20 2012,294.28,295.77,296.27,286.14,27.93M,-0.42%
May 13 2012,295.52,287.75,301.24,285.51,38.52M,3.09%
May 06 2012,286.65,298.76,303.70,284.26,50.72M,-5.35%
Apr 29 2012,302.85,296.65,309.80,296.45,43.20M,2.13%
Apr 22 2012,296.53,296.41,297.40,272.63,127.01M,-0.68%
Apr 15 2012,298.56,297.65,301.17,289.34,104.96M,0.20%
Apr 08 2012,297.96,351.91,354.62,296.29,109.03M,-15.73%
Apr 01 2012,353.59,355.19,358.26,352.34,15.56M,-0.53%
Mar 25 2012,355.48,355.81,360.12,343.26,40.40M,-0.22%
Mar 18 2012,356.27,359.04,359.66,347.63,32.70M,0.27%
Mar 11 2012,355.31,361.52,361.52,344.90,40.89M,0.34%
Mar 04 2012,354.11,354.46,360.03,346.85,30.68M,0.34%
Feb 26 2012,352.92,367.72,367.72,347.87,39.61M,-3.47%
Feb 19 2012,365.62,363.38,371.31,360.30,35.47M,0.01%
Feb 12 2012,365.58,344.19,369.33,341.93,38.10M,5.64%
Feb 05 2012,346.06,347.89,350.00,336.55,37.17M,0.25%
Jan 29 2012,345.18,334.72,346.26,333.61,47.69M,2.14%
Jan 22 2012,337.95,321.21,339.19,321.09,33.58M,5.26%
Jan 15 2012,321.06,320.13,331.48,319.51,52.92M,0.18%
Jan 08 2012,320.49,353.15,359.02,316.53,103.11M,-8.75%
Jan 01 2012,351.24,342.19,358.04,340.06,36.28M,2.33%
Dec 25 2011,343.24,333.74,347.75,333.74,31.41M,2.70%
Dec 18 2011,334.20,333.61,341.65,328.65,50.72M,-1.09%
Dec 11 2011,337.89,337.32,345.87,330.51,54.25M,0.52%
Dec 04 2011,336.13,333.61,343.83,329.92,33.40M,0.60%
Nov 27 2011,334.13,324.94,336.77,317.61,47.17M,3.64%
Nov 20 2011,322.41,337.33,342.90,320.79,58.27M,-5.15%
Nov 13 2011,339.91,348.51,351.27,337.33,27.39M,-1.26%
Nov 06 2011,344.24,349.12,355.59,323.78,22.23M,-1.78%
Oct 30 2011,350.47,354.20,359.38,343.19,41.94M,-1.15%
Oct 23 2011,354.53,341.05,368.51,339.96,48.45M,5.00%
Oct 16 2011,337.66,342.43,342.90,333.31,47.23M,-0.77%
Oct 09 2011,340.28,315.63,341.88,308.81,111.56M,9.37%
Oct 02 2011,311.13,308.81,319.34,299.33,46.95M,-0.96%
Sep 25 2011,314.15,290.83,318.72,285.38,70.93M,8.31%
Sep 18 2011,290.06,297.52,304.46,287.85,42.46M,-2.35%
Sep 11 2011,297.05,273.84,304.83,270.44,60.81M,5.31%
Sep 04 2011,282.06,284.46,291.94,275.60,58.30M,-1.94%
Aug 28 2011,287.63,277.68,295.79,276.81,38.33M,5.30%
Aug 21 2011,273.16,274.57,285.57,268.07,89.33M,-1.00%
Aug 14 2011,275.91,301.37,306.09,269.32,58.25M,-6.33%
Aug 07 2011,294.57,310.05,310.05,290.50,69.28M,-8.34%
Jul 31 2011,321.36,344.79,350.21,313.15,38.96M,-6.65%
Jul 24 2011,344.27,349.49,351.71,338.00,42.00M,-1.85%
Jul 17 2011,350.76,339.19,352.71,335.76,37.60M,3.55%
Jul 10 2011,338.74,366.34,369.09,337.33,69.48M,-8.24%
Jul 03 2011,369.15,367.92,375.02,362.88,25.40M,1.45%
Jun 26 2011,363.89,351.18,368.33,349.77,37.76M,2.59%
Jun 19 2011,354.69,343.32,356.89,328.96,41.00M,3.26%
Jun 12 2011,343.49,353.27,357.61,338.73,39.09M,-3.24%
Jun 05 2011,354.99,349.98,360.15,346.65,29.10M,1.64%
May 29 2011,349.26,348.01,352.56,342.42,48.79M,1.03%
May 22 2011,345.70,353.19,355.17,341.87,40.22M,-2.19%
May 15 2011,353.44,356.68,357.47,347.63,39.70M,-0.99%
May 08 2011,356.97,360.90,362.74,355.63,29.50M,-0.51%
May 01 2011,358.79,362.02,366.74,351.84,68.22M,-0.46%
Apr 24 2011,360.43,361.52,367.67,358.16,83.41M,-0.13%
Apr 17 2011,360.90,362.01,367.97,357.18,102.20M,-2.66%
Apr 10 2011,370.76,396.28,411.39,369.27,100.09M,-7.37%
Apr 03 2011,400.25,399.96,409.14,397.79,27.08M,0.29%
Mar 27 2011,399.11,389.30,404.92,385.67,51.95M,1.74%
Mar 20 2011,392.28,366.03,395.00,360.20,39.85M,7.55%
Mar 13 2011,364.75,376.40,385.45,363.70,33.98M,-3.69%
Mar 06 2011,378.74,376.52,388.53,374.56,33.27M,-0.27%
Feb 27 2011,379.77,374.79,388.78,368.02,45.23M,1.83%
Feb 20 2011,372.96,384.46,394.11,367.84,49.41M,-3.00%
Feb 13 2011,384.50,377.52,390.04,377.08,24.99M,1.96%
Feb 06 2011,377.12,381.35,391.86,374.58,40.34M,-0.23%
Jan 30 2011,378.00,389.24,392.40,375.33,40.24M,-3.79%
Jan 23 2011,392.91,401.82,409.87,389.50,42.82M,-2.33%
Jan 16 2011,402.30,396.86,413.69,395.78,36.81M,1.23%
Jan 09 2011,397.40,418.57,427.02,395.00,65.42M,-4.94%
Jan 02 2011,418.04,427.12,433.94,416.25,29.93M,-2.09%
Dec 26 2010,426.97,416.33,428.36,416.33,24.90M,2.16%
Dec 19 2010,417.96,403.32,419.41,403.31,35.19M,2.33%
Dec 12 2010,408.43,390.54,409.26,381.36,27.55M,4.74%
Dec 05 2010,389.95,388.18,396.24,386.20,33.12M,0.62%
Nov 28 2010,387.56,380.12,390.40,373.57,32.51M,2.73%
Nov 21 2010,377.27,368.51,385.82,365.89,45.25M,2.64%
Nov 14 2010,367.57,372.43,377.63,364.65,27.02M,-1.14%
Nov 07 2010,371.79,382.48,385.08,370.69,33.46M,-2.72%
Oct 31 2010,382.18,369.95,383.47,369.95,18.75M,3.70%
Oct 24 2010,368.55,379.35,381.35,365.11,46.34M,-2.67%
Oct 17 2010,378.65,382.04,386.80,369.59,54.34M,-0.75%
Oct 10 2010,381.52,382.02,401.58,378.30,57.21M,0.00%
Oct 03 2010,381.52,385.95,392.15,376.65,32.00M,-0.83%
Sep 26 2010,384.73,378.88,385.71,372.18,44.14M,1.74%
Sep 19 2010,378.15,368.96,380.12,368.72,45.03M,2.66%
Sep 12 2010,368.36,358.42,379.50,357.42,46.47M,2.60%
Sep 05 2010,359.04,345.55,359.66,345.47,31.69M,4.23%
Aug 29 2010,344.46,337.25,348.99,330.67,33.64M,2.49%
Aug 22 2010,336.08,343.78,348.49,332.55,28.07M,-2.15%
Aug 15 2010,343.48,342.29,350.36,338.57,25.91M,-0.28%
Aug 08 2010,344.43,353.27,357.54,341.55,26.89M,-3.02%
Aug 01 2010,355.17,347.25,360.50,343.47,26.06M,2.70%
Jul 25 2010,345.82,346.01,352.22,342.29,21.38M,0.07%
Jul 18 2010,345.57,340.93,355.94,338.21,28.29M,0.34%
Jul 11 2010,344.40,353.46,360.90,339.44,64.83M,-3.37%
Jul 04 2010,356.41,338.57,357.24,337.33,29.55M,5.37%
Jun 27 2010,338.26,343.53,349.36,336.84,34.07M,-1.81%
Jun 20 2010,344.49,347.18,351.43,337.07,32.54M,-0.30%
Jun 13 2010,345.54,328.66,349.11,328.66,37.39M,5.91%
Jun 06 2010,326.26,336.09,336.09,324.50,34.96M,-3.60%
May 30 2010,338.44,339.19,339.57,324.63,29.83M,1.92%
May 23 2010,332.06,323.81,332.92,311.30,42.00M,3.71%
May 16 2010,320.19,326.79,329.89,317.29,40.89M,-2.65%
May 09 2010,328.89,324.93,338.20,324.93,32.37M,1.34%
May 02 2010,324.54,335.84,336.71,323.33,40.90M,-4.43%
Apr 25 2010,339.58,338.59,342.14,331.75,32.67M,0.41%
Apr 18 2010,338.19,344.11,346.01,333.98,37.66M,-2.21%
Apr 11 2010,345.84,333.10,350.32,326.79,94.60M,4.20%
Apr 04 2010,331.90,332.25,334.57,324.61,36.54M,0.21%
Mar 28 2010,331.19,342.05,343.53,323.27,45.89M,-3.76%
Mar 21 2010,344.14,341.31,355.94,340.17,33.21M,0.09%
Mar 14 2010,343.83,329.20,346.63,326.92,44.32M,3.71%
Mar 07 2010,331.54,329.02,335.35,324.66,31.43M,1.43%
Feb 28 2010,326.88,326.36,331.94,322.95,26.18M,1.30%
Feb 21 2010,322.69,316.88,326.17,316.37,34.34M,2.74%
Feb 14 2010,314.07,310.92,318.28,306.93,31.08M,1.36%
Feb 07 2010,309.86,294.53,312.30,290.76,33.28M,6.20%
Jan 31 2010,291.78,303.48,313.77,288.84,48.33M,-4.96%
Jan 24 2010,307.01,316.25,318.72,298.24,44.08M,-3.89%
Jan 17 2010,319.42,330.26,333.61,316.50,38.24M,-3.75%
Jan 10 2010,331.85,306.96,335.21,306.82,65.88M,8.59%
Jan 03 2010,305.61,323.69,332.74,304.84,41.32M,-5.26%
Dec 27 2009,322.59,321.84,324.19,317.90,20.51M,0.36%
Dec 20 2009,321.43,307.92,322.45,307.17,30.82M,2.60%
Dec 13 2009,313.27,304.47,318.97,303.85,46.88M,2.65%
Dec 06 2009,305.18,297.01,308.64,294.55,34.53M,3.24%
Nov 29 2009,295.61,291.77,301.00,291.48,35.99M,2.39%
Nov 22 2009,288.70,300.24,304.72,286.13,32.82M,-4.07%
Nov 15 2009,300.96,293.60,303.72,289.62,34.72M,2.84%
Nov 08 2009,292.65,276.56,294.48,272.84,35.94M,6.36%
Nov 01 2009,275.15,273.21,280.28,264.17,40.43M,0.56%
Oct 25 2009,273.61,280.95,285.24,265.67,66.17M,-2.38%
Oct 18 2009,280.28,272.72,282.14,269.15,53.14M,3.20%
Oct 11 2009,271.60,271.60,283.76,270.99,32.83M,0.57%
Oct 04 2009,270.06,287.11,291.77,268.70,77.28M,-6.81%
Sep 27 2009,289.80,282.66,291.45,280.78,29.87M,4.29%
Sep 20 2009,277.87,292.59,300.25,276.95,89.58M,-5.23%
Sep 13 2009,293.21,276.30,296.16,276.30,39.06M,4.27%
Sep 06 2009,281.20,274.70,282.13,269.99,42.02M,3.01%
Aug 30 2009,272.97,268.58,274.83,262.92,52.74M,0.47%
Aug 23 2009,271.68,255.47,273.34,252.38,48.79M,7.75%
Aug 16 2009,252.14,251.15,253.62,239.98,43.82M,-0.45%
Aug 09 2009,253.29,254.24,262.30,247.54,45.30M,0.13%
Aug 02 2009,252.96,255.98,261.31,250.64,51.26M,-1.20%
Jul 26 2009,256.02,248.04,257.84,241.12,77.34M,3.03%
Jul 19 2009,248.49,231.93,250.15,231.93,81.24M,7.36%
Jul 12 2009,231.46,212.42,232.41,210.97,57.44M,8.43%
Jul 05 2009,213.46,224.48,225.64,206.49,70.39M,-4.65%
Jun 28 2009,223.87,230.66,256.72,216.74,44.06M,-1.20%
Jun 21 2009,226.60,220.78,228.20,210.96,58.42M,3.21%
Jun 14 2009,219.56,213.92,221.39,207.90,67.29M,2.43%
Jun 07 2009,214.36,210.59,228.74,209.84,71.61M,1.74%
May 31 2009,210.70,200.33,212.69,198.56,64.87M,5.85%
May 24 2009,199.06,189.75,202.03,184.86,66.79M,5.44%
May 17 2009,188.79,211.45,236.99,184.18,106.51M,-4.43%
May 10 2009,197.54,188.51,199.30,185.06,45.10M,4.74%
May 03 2009,188.60,188.52,202.88,186.18,80.40M,0.76%
Apr 26 2009,187.18,179.57,188.22,175.49,34.49M,4.19%
Apr 19 2009,179.65,171.77,181.03,168.05,57.17M,3.67%
Apr 12 2009,173.29,177.97,181.93,161.24,114.28M,-2.08%
Apr 05 2009,176.98,178.99,182.18,168.23,48.72M,0.54%
Mar 29 2009,176.03,163.71,177.97,156.97,53.33M,5.54%
Mar 22 2009,166.79,161.25,173.27,160.63,76.73M,3.76%
Mar 15 2009,160.75,161.60,164.13,155.89,60.99M,-0.07%
Mar 08 2009,160.86,149.46,161.22,147.60,41.03M,6.37%
Mar 01 2009,151.22,151.06,153.54,142.81,46.50M,-0.97%
Feb 22 2009,152.70,143.24,153.78,142.06,48.23M,4.60%
Feb 15 2009,145.99,156.26,156.26,138.33,55.53M,-5.95%
Feb 08 2009,155.23,157.26,164.33,154.29,55.97M,-2.89%
Feb 01 2009,159.85,160.23,161.99,153.47,72.13M,-1.36%
Jan 25 2009,162.05,151.18,163.58,150.68,55.33M,8.47%
Jan 18 2009,149.40,157.13,157.85,147.65,42.69M,-4.95%
Jan 11 2009,157.18,142.83,162.96,138.78,154.85M,5.31%
Jan 04 2009,149.25,141.38,157.08,141.35,85.53M,6.30%
Dec 28 2008,140.40,137.67,144.48,132.08,46.41M,2.06%
Dec 21 2008,137.57,148.82,151.58,137.04,36.29M,-6.88%
Dec 14 2008,147.74,138.90,148.82,134.57,72.27M,7.82%
Dec 07 2008,137.02,143.27,149.65,133.59,75.68M,-2.62%
Nov 30 2008,140.70,155.02,161.06,139.22,72.96M,-8.79%
Nov 23 2008,154.26,140.76,155.64,138.91,62.35M,5.00%
Nov 16 2008,146.92,150.68,154.28,135.18,79.69M,-2.35%
Nov 09 2008,150.46,159.37,168.03,147.34,48.97M,-3.93%
Nov 02 2008,156.61,173.76,179.46,149.09,81.37M,-9.09%
Oct 26 2008,172.26,152.54,178.58,143.86,78.86M,11.47%
Oct 19 2008,154.54,153.78,172.88,148.82,84.00M,3.61%
Oct 12 2008,149.16,155.02,175.05,147.61,73.42M,-1.84%
Oct 05 2008,151.95,168.67,172.39,128.98,91.56M,-11.97%
Sep 28 2008,172.62,179.22,181.94,163.71,80.83M,-3.80%
Sep 21 2008,179.44,204.01,205.92,178.10,73.76M,-10.96%
Sep 14 2008,201.53,203.39,204.25,176.26,109.23M,-1.16%
Sep 07 2008,203.89,217.41,219.79,203.05,67.36M,-3.99%
Aug 31 2008,212.36,217.03,223.86,211.07,52.17M,-2.10%
Aug 24 2008,216.92,215.79,217.03,209.59,52.69M,3.10%
Aug 17 2008,210.40,210.96,215.42,204.16,34.33M,0.18%
Aug 10 2008,210.03,210.21,212.94,196.65,69.96M,0.83%
Aug 03 2008,208.30,203.14,215.05,200.68,67.82M,2.45%
Jul 27 2008,203.32,192.64,204.20,187.01,63.98M,5.73%
Jul 20 2008,192.31,190.25,204.64,182.95,69.15M,0.21%
Jul 13 2008,191.91,205.90,207.11,186.40,98.26M,-7.72%
Jul 06 2008,207.96,220.75,233.78,203.58,104.17M,-4.50%
Jun 29 2008,217.75,212.69,228.69,211.46,60.23M,2.95%
Jun 22 2008,211.51,225.17,231.52,210.21,71.37M,-6.65%
Jun 15 2008,226.58,235.13,241.84,225.22,52.18M,-2.13%
Jun 08 2008,231.50,240.73,244.32,222.80,69.72M,-6.37%
Jun 01 2008,247.24,245.56,253.81,229.82,79.02M,1.57%
May 25 2008,243.43,224.48,245.31,222.12,90.66M,7.33%
May 18 2008,226.80,231.30,237.25,225.10,46.50M,-2.28%
May 11 2008,232.09,219.44,237.53,210.26,96.42M,6.98%
May 04 2008,216.95,221.62,230.55,215.30,79.61M,-2.13%
Apr 27 2008,221.68,209.59,224.48,203.53,80.94M,6.12%
Apr 20 2008,208.89,208.23,212.94,195.95,82.49M,1.52%
Apr 13 2008,205.76,178.59,209.59,176.11,103.93M,16.68%
Apr 06 2008,176.34,185.91,189.55,175.24,78.78M,-4.28%
Mar 30 2008,184.22,183.80,189.75,174.14,55.45M,-2.35%
Mar 23 2008,188.66,168.33,191.85,166.58,76.68M,13.21%
Mar 16 2008,166.65,167.18,170.28,161.23,36.20M,-1.93%
Mar 09 2008,169.93,175.36,183.38,162.59,52.83M,-4.22%
Mar 02 2008,177.42,191.11,191.11,173.66,43.73M,-7.60%
Feb 24 2008,192.01,198.28,209.27,188.63,44.08M,-2.05%
Feb 17 2008,196.03,194.71,204.63,189.32,30.96M,0.97%
Feb 10 2008,194.14,192.23,204.64,186.15,53.04M,0.84%
Feb 03 2008,192.52,202.71,206.49,182.59,46.69M,-2.65%
Jan 27 2008,197.76,182.80,199.42,174.53,53.00M,4.92%
Jan 20 2008,188.49,181.06,190.84,155.64,88.27M,3.50%
Jan 13 2008,182.11,198.31,199.67,179.95,57.80M,-7.17%
Jan 06 2008,196.17,207.11,215.70,194.09,81.63M,-6.67%
Dec 30 2007,210.20,223.36,223.86,208.35,32.02M,-5.64%
Dec 23 2007,222.77,213.12,228.05,212.07,34.11M,5.94%
Dec 16 2007,210.28,204.63,213.31,190.20,36.26M,2.99%
Dec 09 2007,204.17,215.73,219.23,203.16,44.16M,-4.41%
Dec 02 2007,213.60,198.74,216.95,197.02,77.35M,7.48%
Nov 25 2007,198.74,195.21,201.53,190.37,82.73M,2.89%
Nov 18 2007,193.16,204.63,204.63,188.17,84.82M,-4.15%
Nov 11 2007,201.53,207.73,214.55,199.30,87.87M,-4.48%
Nov 04 2007,210.98,235.64,239.20,209.60,51.00M,-11.26%
Oct 28 2007,237.76,235.64,239.36,225.48,41.08M,3.73%
Oct 21 2007,229.22,230.43,237.87,226.21,55.71M,-3.21%
Oct 14 2007,236.83,244.05,244.05,221.37,81.58M,-1.04%
Oct 07 2007,239.32,248.04,265.64,236.11,100.09M,-2.68%
Sep 30 2007,245.92,235.02,249.89,229.77,61.48M,4.76%
Sep 23 2007,234.74,226.71,241.84,216.85,95.53M,3.66%
Sep 16 2007,226.45,229.93,231.67,217.29,67.32M,-0.61%
Sep 09 2007,227.84,234.71,236.22,224.87,40.89M,-3.74%
Sep 02 2007,236.69,231.30,238.74,220.13,28.30M,2.91%
Aug 26 2007,230.00,228.07,234.89,225.26,43.98M,1.59%
Aug 19 2007,226.41,237.50,237.50,217.03,64.50M,-1.56%
Aug 12 2007,230.00,244.32,244.32,216.18,52.43M,-5.38%
Aug 05 2007,243.07,240.57,248.66,230.07,69.65M,2.26%
Jul 29 2007,237.70,249.01,252.38,234.71,43.20M,-4.54%
Jul 22 2007,249.01,244.83,254.24,239.51,72.13M,1.09%
Jul 15 2007,246.33,241.22,250.40,239.11,59.03M,2.39%
Jul 08 2007,240.57,246.67,253.24,237.50,127.72M,-1.62%
Jul 01 2007,244.54,241.09,245.15,229.03,45.87M,2.22%
Jun 24 2007,239.24,241.94,244.32,237.26,39.31M,-1.12%
Jun 17 2007,241.94,251.14,251.64,239.98,44.15M,-2.91%
Jun 10 2007,249.20,244.81,252.75,212.69,58.49M,3.00%
Jun 03 2007,241.94,241.84,244.94,229.05,74.46M,0.63%
May 27 2007,240.42,242.54,249.74,235.76,62.21M,-2.36%
May 20 2007,246.24,246.31,247.05,236.26,79.89M,0.18%
May 13 2007,245.79,250.27,250.98,240.10,58.44M,-0.94%
May 06 2007,248.11,256.97,257.34,241.96,56.53M,-3.44%
Apr 29 2007,256.96,248.66,259.60,248.66,23.78M,3.33%
Apr 22 2007,248.68,257.93,257.93,246.92,53.18M,-2.43%
Apr 15 2007,254.87,266.64,267.39,251.17,57.29M,-1.53%
Apr 08 2007,258.82,243.08,264.41,243.08,85.41M,4.75%
Apr 01 2007,247.08,248.04,248.04,236.88,50.51M,-1.31%
Mar 25 2007,250.35,261.06,261.06,242.97,77.84M,-3.53%
Mar 18 2007,259.52,256.72,266.02,253.89,38.95M,2.21%
Mar 11 2007,253.92,262.92,265.89,249.56,61.26M,-3.47%
Mar 04 2007,263.04,257.70,268.80,248.04,59.12M,1.31%
Feb 25 2007,259.63,277.06,278.67,254.24,71.43M,-6.45%
Feb 18 2007,277.52,295.41,297.65,274.36,36.86M,-6.09%
Feb 11 2007,295.53,289.59,299.51,280.49,32.05M,0.92%
Feb 04 2007,292.84,277.18,297.40,277.18,41.23M,4.22%
Jan 28 2007,280.97,277.18,282.76,274.37,28.93M,1.09%
Jan 21 2007,277.93,274.70,280.28,272.97,27.09M,1.76%
Jan 14 2007,273.13,276.93,279.04,270.98,43.51M,-0.95%
Jan 07 2007,275.74,282.15,282.76,259.84,94.98M,-2.27%
Dec 31 2006,282.15,279.42,288.35,277.57,35.32M,1.48%
Dec 24 2006,278.03,268.50,282.26,268.50,29.78M,3.13%
Dec 17 2006,269.59,277.56,280.28,264.78,54.66M,-2.68%
Dec 10 2006,277.00,274.08,277.80,263.58,55.61M,1.73%
Dec 03 2006,272.29,272.59,282.76,270.50,52.13M,0.02%
Nov 26 2006,272.23,277.18,277.73,264.41,41.27M,-1.81%
Nov 19 2006,277.25,269.12,280.90,266.92,65.88M,2.25%
Nov 12 2006,271.16,265.40,277.82,264.78,50.32M,2.18%
Nov 05 2006,265.38,259.19,267.63,254.93,48.01M,3.13%
Oct 29 2006,257.33,259.82,264.78,255.36,30.12M,-0.84%
Oct 22 2006,259.52,260.44,262.30,252.38,25.78M,1.38%
Oct 15 2006,255.99,260.32,266.12,254.51,58.85M,-1.19%
Oct 08 2006,259.08,231.30,260.43,229.50,98.92M,11.50%
Oct 01 2006,232.36,232.54,233.12,222.62,38.59M,1.29%
Sep 24 2006,229.39,226.83,232.91,224.72,28.08M,1.07%
Sep 17 2006,226.96,226.34,229.44,222.78,35.71M,1.07%
Sep 10 2006,224.56,223.38,228.32,213.33,43.32M,1.19%
Sep 03 2006,221.92,224.72,231.92,220.51,34.94M,-1.17%
Aug 27 2006,224.54,219.11,225.59,216.41,33.74M,2.48%
Aug 20 2006,219.11,218.77,224.35,216.41,36.14M,0.27%
Aug 13 2006,218.52,217.28,221.37,199.67,28.41M,1.13%
Aug 06 2006,216.07,208.35,217.03,207.10,40.17M,3.67%
Jul 30 2006,208.43,204.01,212.94,202.98,62.06M,3.09%
Jul 23 2006,202.18,198.39,206.79,194.96,54.13M,1.76%
Jul 16 2006,198.69,203.52,210.67,196.01,55.75M,-2.83%
Jul 09 2006,204.48,197.75,223.11,192.30,118.50M,6.20%
Jul 02 2006,192.54,191.30,200.91,189.90,54.60M,0.85%
Jun 25 2006,190.92,185.97,194.09,176.24,62.22M,2.92%
Jun 18 2006,185.51,173.63,186.65,172.08,65.79M,6.80%
Jun 11 2006,173.70,173.63,180.68,151.92,106.38M,0.23%
Jun 04 2006,173.30,180.94,181.32,161.56,84.48M,-3.16%
May 28 2006,178.96,182.31,191.30,173.94,82.51M,-1.64%
May 21 2006,181.95,187.56,192.09,171.85,97.34M,-1.35%
May 14 2006,184.44,197.81,204.63,181.82,75.42M,-8.26%
May 07 2006,201.05,200.60,203.70,197.26,39.95M,0.94%
Apr 30 2006,199.18,197.77,201.47,194.66,43.46M,2.31%
Apr 23 2006,194.69,205.25,205.25,186.09,96.11M,-4.91%
Apr 16 2006,204.74,193.78,208.17,192.24,109.76M,9.37%
Apr 09 2006,187.20,199.61,202.77,184.91,85.52M,-4.67%
Apr 02 2006,196.38,186.03,213.87,186.03,121.30M,6.22%
Mar 26 2006,184.88,180.45,190.62,177.97,73.84M,2.94%
Mar 19 2006,179.60,178.28,185.91,178.28,64.01M,0.64%
Mar 12 2006,178.46,181.44,185.87,177.67,66.96M,-1.22%
Mar 05 2006,180.67,175.12,181.32,171.95,90.50M,3.16%
Feb 26 2006,175.14,171.77,180.94,171.60,92.93M,2.43%
Feb 19 2006,170.99,172.70,176.34,170.53,61.08M,-1.01%
Feb 12 2006,172.73,177.47,178.59,170.28,84.34M,-2.75%
Feb 05 2006,177.62,173.01,181.07,172.71,65.17M,2.78%
Jan 29 2006,172.81,179.83,181.38,172.46,50.84M,-4.00%
Jan 22 2006,180.01,173.75,180.50,169.67,64.70M,3.18%
Jan 15 2006,174.47,175.51,177.66,167.43,88.01M,-1.09%
Jan 08 2006,176.39,190.37,190.98,171.34,131.53M,-6.83%
Jan 01 2006,189.33,186.46,190.37,184.35,51.73M,1.88%
Dec 25 2005,185.83,184.91,187.89,181.14,50.84M,0.52%
Dec 18 2005,184.86,181.94,188.20,181.94,46.75M,-0.04%
Dec 11 2005,184.93,178.77,186.15,177.53,94.27M,3.78%
Dec 04 2005,178.19,177.66,179.15,171.90,62.89M,1.14%
Nov 27 2005,176.18,170.53,179.50,165.32,90.75M,3.67%
Nov 20 2005,169.94,168.60,171.15,164.82,66.85M,0.96%
Nov 13 2005,168.32,166.62,170.45,163.15,63.18M,1.25%
Nov 06 2005,166.25,157.13,167.30,157.13,68.28M,3.65%
Oct 30 2005,160.39,149.07,161.47,149.07,34.21M,7.08%
Oct 23 2005,149.78,158.74,159.66,148.82,61.02M,-5.39%
Oct 16 2005,158.32,162.34,163.02,153.23,101.61M,-1.86%
Oct 09 2005,161.32,162.78,169.29,160.11,101.86M,1.13%
Oct 02 2005,159.52,156.57,165.25,156.57,96.97M,2.28%
Sep 25 2005,155.97,150.00,158.81,148.61,77.96M,4.87%
Sep 18 2005,148.73,151.92,156.20,147.11,57.43M,-1.98%
Sep 11 2005,151.73,150.37,153.29,149.79,43.73M,1.23%
Sep 04 2005,149.89,147.96,150.98,145.42,40.64M,1.32%
Aug 28 2005,147.94,141.69,152.08,139.53,61.87M,5.13%
Aug 21 2005,140.72,143.86,145.10,139.54,59.28M,-1.39%
Aug 14 2005,142.71,139.66,144.41,138.28,51.46M,1.77%
Aug 07 2005,140.23,142.13,144.30,139.52,53.97M,-1.32%
Jul 31 2005,142.10,136.55,147.71,136.55,60.97M,1.02%
Jul 24 2005,140.67,138.59,142.19,136.98,52.62M,1.33%
Jul 17 2005,138.82,136.18,143.93,135.00,74.66M,1.95%
Jul 10 2005,136.17,145.72,146.34,131.78,143.58M,-5.95%
Jul 03 2005,144.79,145.72,148.82,143.03,60.82M,-0.69%
Jun 26 2005,145.79,141.39,148.19,141.39,67.84M,1.65%
Jun 19 2005,143.43,142.31,149.69,138.57,101.69M,1.09%
Jun 12 2005,141.88,137.37,142.49,137.37,64.34M,3.43%
Jun 05 2005,137.18,138.61,142.93,136.42,58.62M,-1.93%
May 29 2005,139.88,136.18,141.07,135.80,60.26M,1.05%
May 22 2005,138.43,133.20,140.41,130.91,100.21M,4.29%
May 15 2005,132.73,126.50,133.32,123.59,91.69M,5.29%
May 08 2005,126.06,126.44,131.40,123.71,82.95M,0.56%
May 01 2005,125.36,117.63,125.88,117.63,74.19M,7.15%
Apr 24 2005,117.00,125.14,125.14,116.36,91.11M,-5.62%
Apr 17 2005,123.97,120.92,124.52,117.41,124.09M,2.15%
Apr 10 2005,121.36,131.96,132.70,119.99,83.15M,-8.03%
Apr 03 2005,131.95,138.72,150.24,131.34,60.73M,-4.83%
Mar 27 2005,138.64,134.87,143.55,132.82,59.83M,3.55%
Mar 20 2005,133.89,136.98,140.14,133.32,52.79M,-1.85%
Mar 13 2005,136.42,137.04,138.96,133.01,51.15M,-0.66%
Mar 06 2005,137.33,138.59,141.55,136.11,54.87M,-0.87%
Feb 27 2005,138.54,136.98,139.51,133.32,71.79M,2.51%
Feb 20 2005,135.15,134.07,135.55,130.45,47.88M,0.69%
Feb 13 2005,134.23,131.46,136.76,130.28,77.34M,2.91%
Feb 06 2005,130.44,128.98,130.70,125.26,82.69M,0.87%
Jan 30 2005,129.32,127.80,131.45,126.00,83.36M,2.35%
Jan 23 2005,126.35,121.54,126.99,116.70,72.53M,3.71%
Jan 16 2005,121.83,122.90,125.26,119.18,68.92M,-0.47%
Jan 09 2005,122.41,127.74,130.22,116.28,176.76M,-3.74%
Jan 02 2005,127.17,131.40,148.70,123.71,102.05M,-1.96%
Dec 26 2004,129.71,127.74,130.76,126.08,55.89M,1.29%
Dec 19 2004,128.06,130.82,132.66,125.32,70.10M,-1.14%
Dec 12 2004,129.54,127.74,132.20,124.97,52.97M,2.74%
Dec 05 2004,126.09,126.50,128.61,123.40,76.18M,-0.87%
Nov 28 2004,127.20,126.51,134.49,126.07,113.39M,1.07%
Nov 21 2004,125.85,127.06,127.06,124.39,39.38M,-1.38%
Nov 14 2004,127.61,126.31,129.13,126.00,53.23M,1.51%
Nov 07 2004,125.71,124.02,128.28,124.02,117.75M,2.56%
Oct 31 2004,122.57,118.31,129.46,117.51,110.52M,3.69%
Oct 24 2004,118.21,110.70,121.40,110.70,146.79M,7.11%
Oct 17 2004,110.36,111.68,111.68,108.46,104.63M,-0.40%
Oct 10 2004,110.80,105.74,113.85,104.20,118.56M,4.61%
Oct 03 2004,105.92,106.66,108.02,104.18,97.14M,0.28%
Sep 26 2004,105.62,100.46,107.71,99.28,111.19M,5.54%
Sep 19 2004,100.08,104.24,104.24,99.71,115.57M,-4.49%
Sep 12 2004,104.78,104.49,106.15,102.32,107.06M,2.15%
Sep 05 2004,102.57,99.84,103.18,99.22,64.97M,2.96%
Aug 29 2004,99.62,97.48,100.05,96.49,66.20M,2.64%
Aug 22 2004,97.06,96.61,98.04,94.01,95.32M,1.19%
Aug 15 2004,95.92,91.96,96.39,91.28,104.72M,4.52%
Aug 08 2004,91.77,93.75,95.79,91.47,100.15M,-3.07%
Aug 01 2004,94.68,96.12,98.10,93.72,100.74M,-1.71%
Jul 25 2004,96.33,89.22,97.05,88.81,115.88M,6.76%
Jul 18 2004,90.23,91.65,92.52,88.38,100.88M,-1.53%
Jul 11 2004,91.63,86.01,92.07,84.60,147.55M,6.88%
Jul 04 2004,85.73,88.44,89.60,79.68,123.80M,-2.87%
Jun 27 2004,88.26,85.73,88.74,84.28,167.74M,3.82%
Jun 20 2004,85.01,81.78,85.26,81.62,137.33M,4.17%
Jun 13 2004,81.61,79.06,82.13,77.24,114.09M,3.00%
Jun 06 2004,79.23,81.54,82.35,78.78,116.19M,-2.04%
May 30 2004,80.88,78.91,83.48,75.96,131.01M,3.15%
May 23 2004,78.41,77.51,83.70,77.24,159.55M,3.01%
May 16 2004,76.12,78.28,78.50,63.95,136.53M,-3.52%
May 09 2004,78.90,79.84,81.70,75.98,129.84M,-2.48%
May 02 2004,80.91,78.61,85.07,78.61,86.36M,1.42%
Apr 25 2004,79.78,82.13,82.13,77.68,130.75M,-3.03%
Apr 18 2004,82.27,83.71,84.56,82.01,113.03M,-1.54%
Apr 11 2004,83.56,82.78,91.29,78.94,222.86M,1.47%
Apr 04 2004,82.35,78.26,92.16,78.13,147.84M,6.24%
Mar 28 2004,77.51,82.16,82.53,73.42,155.20M,-5.83%
Mar 21 2004,82.31,80.61,86.81,77.41,128.36M,2.31%
Mar 14 2004,80.45,79.88,81.03,74.96,164.04M,3.02%
Mar 07 2004,78.09,81.37,90.30,74.02,193.35M,-4.03%
Feb 29 2004,81.37,79.03,83.32,79.03,138.43M,3.68%
Feb 22 2004,78.48,78.69,87.90,74.97,181.44M,-0.05%
Feb 15 2004,78.52,83.74,84.64,77.74,166.52M,-5.78%
Feb 08 2004,83.34,86.80,88.52,82.40,187.50M,-3.28%
Feb 01 2004,86.17,81.23,86.58,79.43,147.69M,6.63%
Jan 25 2004,80.81,83.71,87.12,77.81,114.58M,-4.55%
Jan 18 2004,84.66,85.81,87.12,78.34,170.89M,-1.13%
Jan 11 2004,85.63,91.45,91.45,84.83,127.73M,-5.10%
Jan 04 2004,90.23,89.14,94.56,86.71,174.45M,2.71%
Dec 28 2003,87.85,84.10,92.78,83.76,89.67M,5.03%
Dec 21 2003,83.64,81.62,84.88,80.61,100.76M,2.55%
Dec 14 2003,81.56,78.29,82.53,77.52,150.89M,4.55%
Dec 07 2003,78.01,75.96,78.28,75.45,109.43M,2.47%
Nov 30 2003,76.13,76.89,81.23,72.86,140.00M,-0.30%
Nov 23 2003,76.36,72.05,76.89,68.83,108.89M,5.44%
Nov 16 2003,72.42,71.67,73.44,70.77,161.40M,0.99%
Nov 09 2003,71.71,76.74,77.51,71.02,142.48M,-7.16%
Nov 02 2003,77.24,73.71,79.80,73.71,187.09M,5.15%
Oct 26 2003,73.46,70.80,73.71,68.83,154.08M,4.04%
Oct 19 2003,70.61,73.40,80.61,67.92,164.47M,-3.81%
Oct 12 2003,73.41,72.88,74.80,71.09,200.31M,2.29%
Oct 05 2003,71.77,71.02,73.48,57.51,248.56M,1.53%
Sep 28 2003,70.69,70.85,72.06,69.02,178.23M,0.18%
Sep 21 2003,70.56,67.78,70.92,65.67,282.00M,5.36%
Sep 14 2003,66.97,64.26,68.16,62.16,263.94M,3.80%
Sep 07 2003,64.52,66.04,70.15,64.18,290.08M,-0.86%
Aug 31 2003,65.08,62.01,65.96,58.91,293.21M,6.93%
Aug 24 2003,60.86,57.17,61.70,46.79,248.14M,7.79%
Aug 17 2003,56.46,53.30,58.20,52.94,175.03M,6.59%
Aug 10 2003,52.97,54.72,54.84,52.63,157.97M,-3.95%
Aug 03 2003,55.15,57.75,59.01,53.95,229.17M,-5.81%
Jul 27 2003,58.55,54.88,59.61,53.80,237.67M,7.39%
Jul 20 2003,54.52,52.71,54.80,49.78,247.80M,3.77%
Jul 13 2003,52.54,55.42,55.57,51.93,209.40M,-3.58%
Jul 06 2003,54.49,47.91,57.27,46.89,385.61M,13.52%
Jun 29 2003,48.00,51.70,51.93,44.43,312.45M,-7.03%
Jun 22 2003,51.63,47.68,51.92,46.91,289.23M,9.04%
Jun 15 2003,47.35,45.57,48.06,44.85,231.18M,2.80%
Jun 08 2003,46.06,44.99,46.49,44.35,248.06M,0.74%
Jun 01 2003,45.72,42.63,46.27,41.86,238.13M,10.27%
May 25 2003,41.46,40.59,43.63,39.86,294.17M,2.40%
May 18 2003,40.49,46.91,47.24,40.31,415.56M,-12.77%
May 11 2003,46.42,45.86,46.58,42.71,251.88M,2.34%
May 04 2003,45.36,43.72,47.59,43.72,289.28M,0.40%
Apr 27 2003,45.18,45.12,45.73,42.68,197.30M,0.16%
Apr 20 2003,45.11,46.89,47.13,44.05,277.14M,-1.81%
Apr 13 2003,45.94,42.63,47.19,42.63,365.07M,11.69%
Apr 06 2003,41.13,66.68,68.21,35.66,627.44M,-38.23%
Mar 30 2003,66.59,65.13,66.97,62.18,270.85M,0.57%
Mar 23 2003,66.21,68.81,69.09,65.38,221.79M,-3.20%
Mar 16 2003,68.40,62.97,68.99,61.33,233.32M,8.54%
Mar 09 2003,63.02,55.58,64.30,55.58,181.66M,1.07%
Mar 02 2003,62.35,66.76,66.97,61.89,191.44M,-6.14%
Feb 23 2003,66.43,65.90,67.67,63.10,210.82M,1.42%
Feb 16 2003,65.50,66.06,67.19,64.65,216.77M,1.79%
Feb 09 2003,64.35,69.14,69.45,63.87,208.13M,-7.50%
Feb 02 2003,69.57,65.42,70.45,65.42,170.12M,4.37%
Jan 26 2003,66.66,67.20,67.43,64.80,227.04M,-1.93%
Jan 19 2003,67.97,71.46,71.46,67.69,181.37M,-5.10%
Jan 12 2003,71.62,68.51,72.39,66.14,344.95M,3.86%
Jan 05 2003,68.96,74.92,75.52,68.23,305.17M,-7.34%
Dec 29 2002,74.42,73.40,75.01,72.56,205.95M,0.69%
Dec 22 2002,73.91,71.62,74.52,70.71,167.21M,3.30%
Dec 15 2002,71.55,73.09,73.09,70.38,240.15M,-1.21%
Dec 08 2002,72.43,72.09,75.06,68.40,419.03M,3.16%
Dec 01 2002,70.21,71.06,72.40,68.06,262.88M,-0.64%
Nov 24 2002,70.66,71.28,71.39,68.77,313.67M,-1.56%
Nov 17 2002,71.78,66.66,72.44,65.14,334.31M,7.37%
Nov 10 2002,66.85,61.79,67.82,60.25,241.90M,7.87%
Nov 03 2002,61.97,60.38,63.77,60.16,197.87M,3.34%
Oct 27 2002,59.97,58.29,60.38,57.44,189.89M,3.04%
Oct 20 2002,58.20,59.61,59.99,57.83,214.47M,-2.10%
Oct 13 2002,59.45,58.60,60.57,57.70,258.19M,1.69%
Oct 06 2002,58.46,54.03,58.91,53.10,313.51M,7.72%
Sep 29 2002,54.27,53.82,54.60,51.93,165.08M,-0.22%
Sep 22 2002,54.39,54.41,54.71,51.62,189.98M,0.06%
Sep 15 2002,54.36,55.19,57.11,52.71,208.96M,-1.79%
Sep 08 2002,55.35,55.00,57.48,53.96,143.16M,1.08%
Sep 01 2002,54.76,56.51,56.80,53.04,224.96M,-2.00%
Aug 25 2002,55.88,52.69,56.35,52.29,249.11M,2.03%
Aug 18 2002,54.77,50.00,54.96,49.77,225.05M,10.02%
Aug 11 2002,49.78,49.07,50.37,48.76,104.46M,1.55%
Aug 04 2002,49.02,46.97,49.45,46.83,166.86M,5.24%
Jul 28 2002,46.58,47.26,48.60,45.53,185.15M,-0.38%
Jul 21 2002,46.76,48.37,50.04,46.12,192.32M,-4.73%
Jul 14 2002,49.08,51.08,51.08,48.42,145.31M,-4.66%
Jul 07 2002,51.48,53.53,53.95,50.54,154.73M,-2.63%
Jun 30 2002,52.87,51.16,53.44,50.21,156.57M,3.97%
Jun 23 2002,50.85,48.34,51.08,47.32,199.14M,4.48%
Jun 16 2002,48.67,52.79,53.39,48.38,181.33M,-7.40%
Jun 09 2002,52.56,51.17,55.03,51.17,112.47M,4.43%
Jun 02 2002,50.33,53.00,54.09,50.23,184.82M,-4.19%
May 26 2002,52.53,58.46,58.52,51.97,164.46M,-10.36%
May 19 2002,58.60,58.13,59.52,55.11,125.28M,-0.05%
May 12 2002,58.63,58.99,61.05,57.98,98.15M,-0.81%
May 05 2002,59.11,58.21,61.23,56.74,72.56M,1.58%
Apr 28 2002,58.19,58.75,58.88,56.15,80.18M,-1.37%
Apr 21 2002,59.00,59.84,61.54,56.43,114.19M,-1.17%
Apr 14 2002,59.70,60.46,61.99,58.37,136.99M,-1.19%
Apr 07 2002,60.42,56.57,61.22,54.46,206.51M,7.39%
Mar 31 2002,56.26,58.66,58.66,54.19,168.43M,-3.18%
Mar 24 2002,58.11,59.37,62.01,56.52,109.12M,-2.20%
Mar 17 2002,59.42,63.21,63.21,58.99,155.68M,-4.05%
Mar 10 2002,61.93,65.50,66.58,61.42,253.33M,-5.57%
Mar 03 2002,65.58,57.36,65.95,56.15,270.84M,17.04%
Feb 24 2002,56.03,57.34,60.46,54.09,169.29M,-2.25%
Feb 17 2002,57.32,59.19,59.19,55.98,120.61M,-3.63%
Feb 10 2002,59.48,58.91,60.85,57.67,151.76M,3.80%
Feb 03 2002,57.30,59.14,61.39,56.45,209.65M,-3.34%
Jan 27 2002,59.28,61.61,61.68,56.32,205.76M,-0.08%
Jan 20 2002,59.33,61.61,62.61,58.91,175.46M,-3.17%
Jan 13 2002,61.27,63.54,65.03,57.75,268.69M,0.53%
Jan 06 2002,60.95,71.13,75.56,59.30,308.11M,-12.31%
Dec 30 2001,69.51,62.63,70.15,61.80,252.92M,11.22%
Dec 23 2001,62.50,61.62,64.26,58.79,154.13M,0.92%
Dec 16 2001,61.93,65.87,66.63,60.65,164.56M,-4.09%
Dec 09 2001,64.57,70.55,71.28,63.56,206.33M,-8.11%
Dec 02 2001,70.27,57.86,72.47,57.86,250.60M,16.44%
Nov 25 2001,60.35,56.58,64.95,56.43,235.84M,9.55%
Nov 18 2001,55.09,51.39,57.31,50.20,238.73M,9.33%
Nov 11 2001,50.39,45.72,50.39,44.74,113.25M,10.84%
Nov 04 2001,45.46,43.58,46.49,43.44,144.96M,0.82%
Oct 28 2001,45.09,46.97,47.36,43.95,255.07M,-3.67%
Oct 21 2001,46.81,47.96,48.06,46.00,158.77M,2.16%
Oct 14 2001,45.82,47.76,48.02,44.14,200.67M,0.17%
Oct 07 2001,45.74,36.82,46.72,35.27,273.03M,19.21%
Sep 30 2001,38.37,37.19,38.82,33.45,190.50M,4.55%
Sep 23 2001,36.70,33.72,40.07,32.79,235.02M,6.53%
Sep 16 2001,34.45,44.63,44.63,34.45,239.69M,-23.56%
Sep 09 2001,45.07,51.67,54.80,44.21,246.32M,-12.33%
Sep 02 2001,51.41,55.19,55.39,50.00,247.92M,-6.29%
Aug 26 2001,54.86,55.81,61.30,54.62,175.77M,-7.03%
Aug 19 2001,59.01,52.71,59.36,52.71,82.64M,3.71%
Aug 12 2001,56.90,56.97,59.13,55.69,94.33M,0.55%
Aug 05 2001,56.59,59.92,60.13,55.98,84.73M,-5.54%
Jul 29 2001,59.91,56.46,60.44,55.58,163.24M,6.79%
Jul 22 2001,56.10,57.33,58.06,55.11,157.96M,-3.79%
Jul 15 2001,58.31,57.53,58.91,55.03,222.81M,1.83%
Jul 08 2001,57.26,55.33,61.85,53.10,270.80M,1.49%
Jul 01 2001,56.42,59.06,59.06,49.61,169.28M,-2.91%
Jun 24 2001,58.11,52.88,58.91,50.57,227.84M,9.21%
Jun 17 2001,53.21,52.40,54.07,48.65,196.60M,0.81%
Jun 10 2001,52.78,60.74,60.77,52.26,180.30M,-13.65%
Jun 03 2001,61.12,58.60,61.93,55.50,178.73M,4.96%
May 27 2001,58.23,64.88,67.09,57.36,150.96M,-10.04%
May 20 2001,64.73,61.54,66.12,61.00,162.33M,5.75%
May 13 2001,61.21,60.07,62.12,55.91,141.38M,1.54%
May 06 2001,60.28,59.68,63.51,58.13,149.33M,1.74%
Apr 29 2001,59.25,50.85,63.71,50.57,139.90M,17.65%
Apr 22 2001,50.36,59.14,61.76,49.61,137.37M,-14.93%
Apr 15 2001,59.20,43.79,63.74,43.03,208.93M,33.45%
Apr 08 2001,44.36,61.23,63.53,41.87,172.42M,-28.98%
Apr 01 2001,62.46,62.97,65.54,58.24,122.00M,-1.34%
Mar 25 2001,63.31,64.41,76.35,62.96,151.81M,-3.06%
Mar 18 2001,65.31,71.81,73.64,62.01,138.44M,-10.36%
Mar 11 2001,72.86,75.19,77.43,58.37,153.10M,-4.28%
Mar 04 2001,76.12,75.98,82.32,71.47,216.88M,-1.01%
Feb 25 2001,76.90,87.43,98.44,76.04,307.35M,-11.77%
Feb 18 2001,87.16,96.74,98.32,86.12,220.17M,-10.68%
Feb 11 2001,97.58,99.25,101.42,96.74,148.18M,-2.04%
Feb 04 2001,99.61,105.96,105.96,98.46,146.04M,-6.38%
Jan 28 2001,106.40,104.66,107.58,100.22,168.55M,1.12%
Jan 21 2001,105.22,105.34,107.35,103.10,150.57M,0.55%
Jan 14 2001,104.64,90.30,105.33,90.22,294.65M,16.37%
Jan 07 2001,89.92,97.85,98.36,85.62,393.18M,-9.11%
Dec 31 2000,98.93,88.44,99.20,85.01,332.01M,12.08%
Dec 24 2000,88.27,89.53,91.08,84.05,338.29M,-2.03%
Dec 17 2000,90.10,110.17,110.66,89.60,295.54M,-19.30%
Dec 10 2000,111.65,114.64,124.67,111.19,204.39M,-2.57%
Dec 03 2000,114.59,113.32,117.82,109.78,177.60M,1.42%
Nov 26 2000,112.99,116.24,117.66,109.31,192.48M,-2.27%
Nov 19 2000,115.62,119.06,120.56,113.43,145.32M,-2.33%
Nov 12 2000,118.38,119.83,121.69,113.40,165.39M,-1.32%
Nov 05 2000,119.96,117.34,124.58,116.35,190.03M,2.22%
Oct 29 2000,117.35,112.22,117.96,108.15,153.51M,5.12%
Oct 22 2000,111.63,110.30,113.01,104.18,175.06M,1.08%
Oct 15 2000,110.44,101.68,111.46,94.87,325.56M,9.31%
Oct 08 2000,101.03,116.27,116.87,100.46,292.53M,-13.50%
Oct 01 2000,116.80,113.56,119.76,110.84,194.24M,2.35%
Sep 24 2000,114.12,113.62,118.59,108.92,175.88M,4.54%
Sep 17 2000,109.16,131.03,131.03,108.13,201.70M,-17.14%
Sep 10 2000,131.74,133.32,138.73,129.62,304.19M,-0.98%
Sep 03 2000,133.05,130.22,134.87,127.45,179.89M,3.07%
Aug 27 2000,129.09,126.19,131.31,118.92,175.71M,2.10%
Aug 20 2000,126.44,124.00,133.37,120.93,184.35M,2.32%
Aug 13 2000,123.57,113.09,124.25,111.17,172.07M,10.16%
Aug 06 2000,112.17,98.74,121.54,97.98,232.95M,14.39%
Jul 30 2000,98.06,106.19,107.11,96.98,144.60M,-7.60%
Jul 23 2000,106.12,112.58,113.15,98.47,201.35M,-6.86%
Jul 16 2000,113.93,120.14,121.23,109.79,146.30M,-5.41%
Jul 09 2000,120.45,131.93,132.70,119.07,154.07M,-8.46%
Jul 02 2000,131.58,130.07,136.61,129.76,89.37M,2.13%
Jun 25 2000,128.83,127.12,134.08,121.70,81.85M,0.62%
Jun 18 2000,128.04,130.22,138.75,126.59,135.81M,-1.57%
Jun 11 2000,130.08,121.31,131.62,115.51,129.62M,5.75%
Jun 04 2000,123.01,117.82,130.81,117.82,137.74M,5.32%
May 28 2000,116.80,91.65,119.21,86.51,140.81M,26.03%
May 21 2000,92.68,97.01,97.94,85.65,171.44M,-7.40%
May 14 2000,100.09,105.49,114.92,93.81,150.44M,-5.90%
May 07 2000,106.36,133.31,135.49,104.68,167.67M,-19.90%
Apr 30 2000,132.79,127.90,135.33,107.55,114.41M,5.46%
Apr 23 2000,125.91,120.89,131.58,105.13,82.08M,6.82%
Apr 16 2000,117.87,132.22,136.41,103.42,77.45M,-17.99%
Apr 09 2000,143.72,152.17,164.34,140.31,47.09M,2.01%
Apr 02 2000,140.89,131.79,140.89,109.31,62.78M,1.32%
Mar 26 2000,139.06,162.78,170.51,139.00,39.28M,-17.12%
Mar 19 2000,167.79,142.54,178.90,131.94,50.74M,18.04%
Mar 12 2000,142.15,181.38,189.11,140.81,37.89M,-21.39%
Mar 05 2000,180.83,185.09,215.98,163.71,45.89M,5.47%
Feb 27 2000,171.45,137.97,171.45,128.18,33.25M,23.06%
Feb 20 2000,139.32,152.70,162.78,137.20,54.95M,-8.90%
Feb 13 2000,152.93,166.52,167.43,149.37,58.33M,-0.81%
Feb 06 2000,154.18,122.45,154.18,122.45,63.36M,25.94%
Jan 30 2000,122.42,116.82,123.24,110.49,50.35M,3.75%
Jan 23 2000,118.00,105.42,119.35,103.87,75.96M,13.44%
Jan 16 2000,104.02,94.56,105.34,87.78,98.94M,10.21%
Jan 09 2000,94.38,101.74,109.88,86.84,107.96M,-7.23%
Jan 02 2000,101.74,121.11,130.80,101.74,40.39M,-9.27%