date,open,high,low,close
Apr 24 2023,17707.55,17931.60,17612.50,17915.05
Apr 17 2023,17863.00,17863.00,17553.95,17624.05
Apr 10 2023,17634.90,17842.15,17597.95,17828.00
Apr 03 2023,17427.95,17638.70,17312.75,17599.15
Mar 27 2023,16984.30,17381.60,16913.75,17359.75
Mar 20 2023,17066.60,17207.25,16828.35,16945.05
Mar 13 2023,17421.90,17529.90,16850.15,17100.05
Mar 06 2023,17680.35,17799.95,17324.35,17412.90
Feb 27 2023,17428.60,17644.75,17255.20,17594.35
Feb 20 2023,17965.55,18004.35,17421.80,17465.80
Feb 13 2023,17859.10,18134.75,17719.75,17944.20
Feb 06 2023,17818.55,17916.90,17652.55,17856.50
Jan 30 2023,17541.95,17972.20,17353.40,17854.05
Jan 23 2023,18118.45,18201.25,17493.55,17604.35
Jan 16 2023,18033.15,18183.75,17853.65,18027.65
Jan 09 2023,17952.55,18141.40,17761.65,17956.60
Jan 02 2023,18131.70,18251.95,17795.55,17859.45
Dec 26 2022,17830.40,18265.25,17774.25,18105.30
Dec 19 2022,18288.10,18473.35,17779.50,17806.80
Dec 12 2022,18402.15,18696.10,18255.15,18269.00
Dec 05 2022,18719.55,18728.60,18410.10,18496.60
Nov 28 2022,18430.55,18887.60,18365.60,18696.10
Nov 21 2022,18246.40,18534.90,18133.35,18512.75
Nov 14 2022,18376.40,18442.15,18209.80,18307.65
Nov 07 2022,18211.75,18362.30,17969.40,18349.70
Oct 31 2022,17910.20,18178.75,17899.90,18117.15
Oct 24 2022,17736.35,17838.90,17637.00,17786.80
Oct 17 2022,17144.80,17670.15,17098.55,17576.30
Oct 10 2022,17094.35,17348.55,16950.30,17185.70
Oct 03 2022,17102.10,17428.80,16855.55,17314.65
Sep 26 2022,17156.30,17196.40,16747.70,17094.35
Sep 19 2022,17540.65,17919.30,17291.65,17327.35
Sep 12 2022,17890.85,18096.15,17497.25,17530.85
Sep 05 2022,17546.45,17925.95,17484.30,17833.35
Aug 29 2022,17188.65,17777.65,17166.20,17539.45
Aug 22 2022,17682.90,17726.50,17345.20,17558.90
Aug 15 2022,17797.20,17992.20,17710.75,17758.45
Aug 08 2022,17401.50,17724.65,17359.75,17698.15
Aug 01 2022,17243.20,17490.70,17154.80,17397.50
Jul 25 2022,16662.55,17172.80,16438.75,17158.25
Jul 18 2022,16151.40,16752.25,16142.20,16719.45
Jul 11 2022,16136.15,16248.55,15858.20,16049.20
Jul 04 2022,15710.50,16275.50,15661.80,16220.60
Jun 27 2022,15926.20,15927.45,15511.05,15752.05
Jun 20 2022,15334.50,15749.25,15191.10,15699.25
Jun 13 2022,15877.55,15886.15,15183.40,15293.50
Jun 06 2022,16530.70,16610.95,16172.60,16201.80
May 30 2022,16527.90,16793.85,16438.85,16584.30
May 23 2022,16290.95,16414.70,15903.70,16352.45
May 16 2022,15845.10,16399.80,15739.65,16266.15
May 09 2022,16227.70,16404.55,15735.75,15782.15
May 02 2022,16924.45,17132.85,16340.90,16411.25
Apr 25 2022,17009.05,17377.65,16888.70,17102.55
Apr 18 2022,17183.45,17414.70,16824.70,17171.95
Apr 11 2022,17740.90,17779.05,17442.35,17475.65
Apr 04 2022,17809.10,18114.65,17600.55,17784.35
Mar 28 2022,17181.85,17703.70,17003.90,17670.45
Mar 21 2022,17329.50,17442.40,17006.30,17153.00
Mar 14 2022,16633.70,17344.60,16555.00,17287.05
Mar 07 2022,15867.95,16757.30,15671.45,16630.45
Feb 28 2022,16481.60,16815.90,16133.80,16245.35
Feb 21 2022,17192.25,17351.05,16203.25,16658.40
Feb 14 2022,17076.15,17490.60,16809.65,17276.30
Feb 07 2022,17456.30,17639.45,17043.65,17374.75
Jan 31 2022,17301.05,17794.60,17244.55,17516.30
Jan 24 2022,17575.15,17599.40,16836.80,17101.95
Jan 17 2022,18235.65,18350.95,17485.85,17617.15
Jan 10 2022,17913.30,18286.95,17879.15,18255.75
Jan 03 2022,17387.15,17944.70,17383.30,17812.70
Dec 27 2021,16937.75,17400.80,16833.20,17354.05
Dec 20 2021,16824.25,17155.60,16410.20,17003.75
Dec 13 2021,17619.10,17639.50,16966.45,16985.20
Dec 06 2021,17209.05,17543.25,16891.70,17511.30
Nov 29 2021,17055.80,17489.80,16782.40,17196.70
Nov 22 2021,17796.25,17805.25,16985.70,17026.45
Nov 15 2021,18140.95,18210.15,17688.50,17764.80
Nov 08 2021,18040.20,18123.00,17798.20,18102.75
Nov 01 2021,17783.15,18012.25,17697.10,17916.80
Oct 25 2021,18229.50,18342.05,17613.10,17671.65
Oct 18 2021,18500.10,18604.45,18034.35,18114.90
Oct 11 2021,17867.55,18350.75,17839.10,18338.55
Oct 04 2021,17615.55,17941.85,17581.35,17895.20
Sep 27 2021,17932.20,17943.50,17452.90,17532.05
Sep 20 2021,17443.85,17947.65,17326.10,17853.20
Sep 13 2021,17363.55,17792.95,17269.15,17585.15
Sep 06 2021,17399.35,17436.50,17254.20,17369.25
Aug 30 2021,16775.85,17340.10,16764.85,17323.60
Aug 23 2021,16592.25,16722.05,16395.70,16705.20
Aug 16 2021,16518.40,16701.85,16376.05,16450.50
Aug 09 2021,16281.35,16543.60,16162.55,16529.10
Aug 02 2021,15874.90,16349.45,15834.65,16238.20
Jul 26 2021,15849.30,15893.35,15513.45,15763.05
Jul 19 2021,15754.50,15899.80,15578.55,15856.05
Jul 12 2021,15766.80,15962.25,15644.75,15923.40
Jul 05 2021,15793.40,15914.20,15632.75,15689.80
Jun 28 2021,15915.35,15915.65,15635.95,15722.20
Jun 21 2021,15525.85,15895.75,15505.65,15860.35
Jun 14 2021,15791.40,15901.60,15450.90,15683.35
Jun 07 2021,15725.10,15835.55,15566.90,15799.35
May 31 2021,15437.75,15733.60,15374.00,15670.25
May 24 2021,15211.35,15469.65,15145.45,15435.65
May 17 2021,14756.25,15190.00,14725.35,15175.30
May 10 2021,14928.25,14966.90,14591.90,14677.80
May 03 2021,14481.05,14863.05,14416.25,14823.15
Apr 26 2021,14449.45,15044.35,14421.30,14631.10
Apr 19 2021,14306.60,14526.95,14151.40,14341.35
Apr 12 2021,14644.65,14697.70,14248.70,14617.85
Apr 05 2021,14837.70,14984.15,14459.50,14834.85
Mar 29 2021,14628.50,14883.20,14617.60,14867.35
Mar 22 2021,14736.30,14878.60,14264.40,14507.30
Mar 15 2021,15048.40,15051.60,14350.10,14744.00
Mar 08 2021,15002.45,15336.30,14919.90,15030.95
Mar 01 2021,14702.50,15273.15,14638.55,14938.10
Feb 22 2021,14999.05,15176.50,14467.75,14529.15
Feb 15 2021,15270.30,15431.75,14898.20,14981.75
Feb 08 2021,15064.30,15257.10,14977.20,15163.30
Feb 01 2021,13758.60,15014.65,13661.75,14924.25
Jan 25 2021,14477.80,14491.10,13596.75,13634.60
Jan 18 2021,14453.30,14753.55,14222.80,14371.90
Jan 11 2021,14474.05,14653.35,14357.85,14433.70
Jan 04 2021,14104.35,14367.30,13953.75,14347.25
Dec 28 2020,13815.15,14049.85,13811.55,14018.50
Dec 21 2020,13741.90,13777.50,13131.45,13749.25
Dec 14 2020,13571.45,13773.25,13447.05,13760.55
Dec 07 2020,13264.85,13579.35,13241.95,13513.85
Nov 30 2020,13062.20,13280.05,12962.80,13258.55
Nov 23 2020,12960.30,13145.85,12790.40,12968.95
Nov 16 2020,12932.50,12963.00,12730.25,12859.05
Nov 09 2020,12399.40,12769.75,12367.35,12719.95
Nov 02 2020,11697.35,12280.40,11557.40,12263.55
Oct 26 2020,11937.40,11942.85,11535.45,11642.40
Oct 19 2020,11879.20,12018.65,11775.75,11930.35
Oct 12 2020,11973.55,12025.45,11661.30,11762.45
Oct 05 2020,11487.80,11938.60,11452.30,11914.20
Sep 28 2020,11140.85,11428.60,11099.85,11416.95
Sep 21 2020,11503.80,11535.25,10790.20,11050.25
Sep 14 2020,11540.15,11618.10,11383.55,11504.95
Sep 07 2020,11359.60,11493.50,11185.15,11464.45
Aug 31 2020,11777.55,11794.25,11303.65,11333.85
Aug 24 2020,11412.00,11686.05,11410.65,11647.60
Aug 17 2020,11248.90,11460.35,11144.50,11371.60
Aug 10 2020,11270.25,11373.60,11111.45,11178.40
Aug 03 2020,11057.55,11256.80,10882.25,11214.05
Jul 27 2020,11225.00,11341.40,11026.65,11073.45
Jul 20 2020,10999.45,11239.80,10953.00,11194.15
Jul 13 2020,10851.85,10933.45,10562.90,10901.70
Jul 06 2020,10723.85,10847.85,10676.55,10768.05
Jun 29 2020,10311.95,10631.30,10223.60,10607.35
Jun 22 2020,10318.75,10553.15,10194.50,10383.00
Jun 15 2020,9919.35,10272.40,9726.35,10244.40
Jun 08 2020,10326.75,10328.50,9544.35,9972.90
Jun 01 2020,9726.85,10177.80,9706.95,10142.15
May 25 2020,9099.75,9598.85,8996.65,9580.30
May 18 2020,9158.30,9178.55,8806.75,9039.25
May 11 2020,9348.15,9584.50,9043.95,9136.85
May 04 2020,9533.50,9533.50,9116.50,9251.50
Apr 27 2020,9259.70,9889.05,9250.35,9859.90
Apr 20 2020,9390.20,9390.85,8909.40,9154.40
Apr 13 2020,9103.95,9324.00,8821.90,9266.75
Apr 06 2020,8446.30,9131.70,8360.95,9111.90
Mar 30 2020,8385.95,8678.30,8055.80,8083.80
Mar 23 2020,7945.70,9038.90,7511.10,8660.25
Mar 16 2020,9587.80,9602.20,7832.55,8745.45
Mar 09 2020,10742.05,10751.55,8555.15,9955.20
Mar 02 2020,11387.35,11433.00,10827.40,10989.45
Feb 24 2020,12012.55,12012.55,11175.05,11201.75
Feb 17 2020,12131.80,12159.60,11908.05,12080.85
Feb 10 2020,12102.35,12246.70,11990.75,12113.45
Feb 03 2020,11627.45,12160.60,11614.50,12098.35
Jan 27 2020,12197.10,12216.60,11945.85,11962.10
Jan 20 2020,12430.50,12430.50,12087.90,12248.25
Jan 13 2020,12296.70,12389.05,12278.75,12352.35
Jan 06 2020,12170.60,12311.20,11929.60,12256.80
Dec 30 2019,12274.90,12289.90,12151.80,12226.65
Dec 23 2019,12235.45,12287.15,12118.85,12245.80
Dec 16 2019,12131.35,12293.90,12046.30,12271.80
Dec 09 2019,11939.10,12098.85,11832.30,12086.70
Dec 02 2019,12137.05,12137.15,11888.85,11921.50
Nov 25 2019,11922.45,12158.80,11919.75,12056.05
Nov 18 2019,11915.15,12038.60,11867.60,11914.40
Nov 11 2019,11879.20,11973.65,11802.65,11895.45
Nov 04 2019,11928.90,12034.15,11850.25,11908.15
Oct 28 2019,11643.95,11945.00,11627.35,11890.60
Oct 21 2019,11657.15,11714.35,11490.75,11583.90
Oct 14 2019,11335.90,11684.70,11290.05,11661.85
Oct 07 2019,11196.20,11362.90,11090.15,11305.05
Sep 30 2019,11491.15,11554.20,11158.35,11174.75
Sep 23 2019,11542.70,11694.85,11416.10,11512.40
Sep 16 2019,10994.85,11381.90,10670.25,11274.20
Sep 09 2019,10936.70,11084.45,10889.80,11075.90
Sep 02 2019,10960.95,10967.50,10746.35,10946.20
Aug 26 2019,11000.30,11141.75,10756.55,11023.25
Aug 19 2019,11094.80,11146.90,10637.15,10829.35
Aug 12 2019,11139.40,11145.90,10901.60,11047.80
Aug 05 2019,10895.80,11181.45,10782.60,11109.65
Jul 29 2019,11307.50,11310.95,10848.95,10997.35
Jul 22 2019,11392.85,11398.15,11210.05,11284.30
Jul 15 2019,11614.75,11706.65,11399.30,11419.25
Jul 08 2019,11770.40,11771.90,11461.00,11552.50
Jul 01 2019,11839.90,11981.75,11797.90,11811.15
Jun 24 2019,11725.80,11911.15,11651.00,11788.85
Jun 17 2019,11844.00,11844.05,11625.10,11724.10
Jun 10 2019,11934.90,12000.35,11797.70,11823.30
Jun 03 2019,11953.75,12103.05,11769.50,11870.65
May 27 2019,11855.50,12039.25,11812.40,11922.80
May 20 2019,11651.90,12041.15,11591.70,11844.10
May 13 2019,11258.70,11426.15,11108.30,11407.15
May 06 2019,11605.80,11657.05,11251.05,11278.90
Apr 29 2019,11748.75,11789.30,11655.90,11712.25
Apr 22 2019,11727.05,11796.75,11564.80,11754.65
Apr 15 2019,11667.00,11856.15,11648.25,11752.80
Apr 08 2019,11704.35,11710.30,11549.10,11643.45
Apr 01 2019,11665.20,11761.00,11559.20,11665.95
Mar 25 2019,11395.65,11630.35,11311.60,11623.90
Mar 18 2019,11473.85,11572.80,11412.50,11456.90
Mar 11 2019,11068.75,11487.00,11059.85,11426.85
Mar 04 2019,10864.85,11089.05,10817.00,11035.40
Feb 25 2019,10813.25,10939.70,10729.30,10863.50
Feb 18 2019,10738.65,10808.85,10585.65,10791.65
Feb 11 2019,10930.90,10930.90,10620.40,10724.40
Feb 04 2019,10876.75,11118.10,10814.15,10943.60
Jan 28 2019,10792.45,10983.45,10583.65,10893.65
Jan 21 2019,10919.35,10987.45,10756.45,10780.55
Jan 14 2019,10807.00,10930.65,10692.35,10906.95
Jan 07 2019,10804.85,10870.40,10733.25,10794.95
Dec 31 2018,10913.20,10923.55,10628.65,10727.35
Dec 24 2018,10780.90,10893.60,10534.55,10859.90
Dec 17 2018,10853.20,10985.15,10738.65,10754.00
Dec 10 2018,10508.70,10838.60,10333.85,10805.45
Dec 03 2018,10930.70,10941.20,10588.25,10693.70
Nov 26 2018,10568.30,10922.45,10489.75,10876.75
Nov 19 2018,10731.25,10774.70,10512.00,10526.75
Nov 12 2018,10607.80,10695.15,10440.55,10682.20
Nov 05 2018,10558.75,10619.55,10477.00,10585.20
Oct 29 2018,10078.10,10606.95,10020.35,10553.00
Oct 22 2018,10405.85,10408.55,10004.55,10030.00
Oct 15 2018,10524.20,10710.15,10249.60,10303.55
Oct 08 2018,10310.15,10492.45,10138.60,10472.50
Oct 01 2018,10930.90,11035.65,10261.90,10316.45
Sep 24 2018,11164.40,11170.15,10850.30,10930.45
Sep 17 2018,11464.95,11464.95,10866.45,11143.10
Sep 10 2018,11570.25,11573.00,11250.20,11515.20
Sep 03 2018,11751.80,11751.80,11393.85,11589.10
Aug 27 2018,11605.85,11760.20,11595.60,11680.50
Aug 20 2018,11502.10,11620.70,11499.65,11557.10
Aug 13 2018,11369.60,11486.45,11340.30,11470.75
Aug 06 2018,11401.50,11495.20,11359.70,11429.50
Jul 30 2018,11296.65,11390.55,11234.95,11360.80
Jul 23 2018,11019.85,11283.40,11010.95,11278.35
Jul 16 2018,11018.95,11076.20,10925.60,11010.20
Jul 09 2018,10838.30,11078.30,10807.15,11018.90
Jul 02 2018,10732.35,10816.35,10604.65,10772.65
Jun 25 2018,10822.90,10831.05,10557.70,10714.30
Jun 18 2018,10830.20,10837.00,10701.20,10821.85
Jun 11 2018,10781.85,10893.25,10755.40,10817.70
Jun 04 2018,10765.95,10818.00,10550.90,10767.65
May 28 2018,10648.35,10764.75,10558.45,10696.20
May 21 2018,10616.70,10628.05,10417.80,10605.15
May 14 2018,10815.15,10929.20,10589.10,10596.40
May 07 2018,10653.15,10812.05,10635.65,10806.50
Apr 30 2018,10705.75,10784.65,10601.60,10618.25
Apr 23 2018,10592.80,10719.80,10514.95,10692.30
Apr 16 2018,10398.30,10594.20,10396.35,10564.05
Apr 09 2018,10333.70,10519.90,10328.50,10480.60
Apr 02 2018,10151.65,10350.45,10111.30,10331.60
Mar 26 2018,9989.15,10207.90,9958.55,10113.70
Mar 19 2018,10215.35,10227.30,9951.90,9998.05
Mar 12 2018,10301.60,10478.60,10180.25,10195.15
Mar 05 2018,10428.30,10441.35,10141.55,10226.85
Feb 26 2018,10526.55,10631.65,10447.15,10458.35
Feb 19 2018,10488.90,10499.10,10302.75,10491.05
Feb 12 2018,10518.20,10618.10,10434.05,10452.30
Feb 05 2018,10604.30,10702.75,10276.30,10454.95
Jan 29 2018,11079.35,11171.55,10736.10,10760.60
Jan 22 2018,10883.20,11110.10,10881.40,11069.65
Jan 15 2018,10718.50,10906.85,10666.75,10894.70
Jan 08 2018,10591.70,10690.40,10588.55,10681.25
Jan 01 2018,10477.55,10566.10,10404.65,10558.85
Dec 25 2017,10512.30,10552.40,10460.45,10530.70
Dec 18 2017,10263.10,10501.10,10074.80,10493.00
Dec 11 2017,10310.50,10373.10,10141.55,10333.25
Dec 04 2017,10175.05,10270.85,10033.35,10265.65
Nov 27 2017,10361.05,10409.55,10108.55,10121.80
Nov 20 2017,10287.20,10404.50,10261.50,10389.70
Nov 13 2017,10322.00,10343.60,10094.00,10283.60
Nov 06 2017,10431.75,10490.45,10254.10,10321.75
Oct 30 2017,10353.85,10461.70,10323.95,10452.50
Oct 23 2017,10176.65,10366.15,10124.50,10323.05
Oct 16 2017,10207.40,10251.85,10123.35,10146.55
Oct 09 2017,9988.20,10191.90,9955.80,10167.45
Oct 02 2017,9893.30,9989.35,9831.05,9979.70
Sep 25 2017,9960.10,9960.50,9687.55,9788.60
Sep 18 2017,10133.10,10178.95,9952.80,9964.40
Sep 11 2017,9971.75,10131.95,9968.80,10085.40
Sep 04 2017,9984.15,9988.40,9861.00,9934.80
Aug 28 2017,9907.15,9983.45,9783.75,9974.40
Aug 21 2017,9864.25,9884.35,9740.10,9857.05
Aug 14 2017,9755.75,9947.80,9752.10,9837.40
Aug 07 2017,10074.80,10088.10,9685.55,9710.80
Jul 31 2017,10034.70,10137.85,9988.35,10066.40
Jul 24 2017,9936.80,10114.85,9919.60,10014.50
Jul 17 2017,9908.15,9928.20,9792.05,9915.25
Jul 10 2017,9719.30,9913.30,9646.45,9886.35
Jul 03 2017,9587.95,9700.70,9543.55,9665.80
Jun 26 2017,9594.05,9615.40,9448.75,9520.90
Jun 19 2017,9626.40,9698.85,9565.30,9574.95
Jun 12 2017,9646.70,9654.15,9560.80,9588.05
Jun 05 2017,9656.30,9709.30,9608.15,9668.25
May 29 2017,9560.05,9673.50,9547.70,9653.50
May 22 2017,9480.25,9604.90,9341.65,9595.10
May 15 2017,9433.55,9532.60,9390.75,9427.90
May 08 2017,9311.45,9450.65,9297.95,9400.90
May 01 2017,9339.85,9377.10,9269.90,9285.30
Apr 24 2017,9135.35,9367.15,9130.55,9304.05
Apr 17 2017,9144.75,9217.90,9075.15,9119.40
Apr 10 2017,9225.60,9246.40,9144.95,9150.80
Apr 03 2017,9220.60,9273.90,9188.10,9198.30
Mar 27 2017,9093.45,9191.70,9024.65,9173.75
Mar 20 2017,9166.95,9167.60,9019.30,9108.00
Mar 13 2017,9091.65,9218.40,9060.50,9160.05
Mar 06 2017,8915.10,8977.85,8891.95,8934.55
Feb 27 2017,8943.70,8992.50,8860.10,8897.55
Feb 20 2017,8818.55,8982.15,8809.80,8939.50
Feb 13 2017,8819.80,8896.45,8712.85,8821.70
Feb 06 2017,8785.45,8822.10,8715.00,8793.55
Jan 30 2017,8635.55,8757.60,8537.50,8740.95
Jan 23 2017,8329.60,8672.70,8327.20,8641.25
Jan 16 2017,8390.95,8460.30,8340.95,8349.35
Jan 09 2017,8259.35,8461.05,8227.75,8400.35
Jan 02 2017,8210.10,8306.85,8133.80,8243.80
Dec 26 2016,7965.10,8197.00,7893.80,8185.80
Dec 19 2016,8126.00,8132.50,7942.05,7985.75
Dec 12 2016,8230.65,8230.65,8121.95,8139.45
Dec 05 2016,8088.75,8274.95,8056.85,8261.75
Nov 28 2016,8080.65,8250.80,8066.50,8086.80
Nov 21 2016,8102.10,8122.25,7916.40,8114.30
Nov 14 2016,8284.85,8288.55,8048.30,8074.10
Nov 07 2016,8535.75,8598.45,8002.25,8296.30
Oct 31 2016,8653.15,8669.60,8400.25,8433.75
Oct 24 2016,8709.85,8736.95,8550.25,8638.00
Oct 17 2016,8612.95,8727.00,8506.15,8693.05
Oct 10 2016,8735.35,8745.80,8541.35,8583.40
Oct 03 2016,8666.15,8806.95,8635.00,8697.60
Sep 26 2016,8807.90,8809.55,8555.20,8611.15
Sep 19 2016,8788.45,8893.35,8757.30,8831.55
Sep 12 2016,8732.95,8847.65,8688.90,8779.85
Sep 05 2016,8852.70,8968.70,8848.45,8866.70
Aug 29 2016,8583.75,8824.10,8543.75,8809.65
Aug 22 2016,8667.00,8684.85,8547.55,8572.55
Aug 15 2016,8670.25,8696.60,8600.45,8666.90
Aug 08 2016,8712.85,8728.35,8540.05,8592.15
Aug 01 2016,8654.30,8711.30,8518.15,8683.15
Jul 25 2016,8519.95,8674.70,8517.20,8638.50
Jul 18 2016,8564.05,8587.10,8476.70,8541.20
Jul 11 2016,8413.35,8594.80,8407.05,8541.40
Jul 04 2016,8376.75,8398.45,8287.55,8323.20
Jun 27 2016,8039.35,8356.75,8039.35,8328.35
Jun 20 2016,8115.75,8285.60,7927.05,8088.60
Jun 13 2016,8102.25,8213.20,8063.90,8170.20
Jun 06 2016,8228.75,8294.95,8162.85,8170.05
May 30 2016,8166.50,8262.00,8134.30,8220.80
May 23 2016,7813.95,8164.20,7715.80,8156.65
May 16 2016,7831.20,7940.10,7735.75,7749.70
May 09 2016,7755.25,7916.05,7753.55,7814.90
May 02 2016,7822.70,7890.25,7678.35,7733.45
Apr 25 2016,7894.80,7992.00,7788.70,7849.80
Apr 18 2016,7908.15,7978.45,7842.75,7899.30
Apr 11 2016,7577.80,7864.80,7516.85,7850.45
Apr 04 2016,7733.15,7764.45,7526.70,7555.20
Mar 28 2016,7741.00,7777.60,7582.25,7713.05
Mar 21 2016,7619.20,7728.20,7617.70,7716.50
Mar 14 2016,7542.60,7613.60,7405.15,7604.35
Mar 07 2016,7486.40,7547.10,7424.30,7510.20
Feb 29 2016,7050.45,7505.90,6825.80,7485.35
Feb 22 2016,7208.85,7252.40,6961.40,7029.75
Feb 15 2016,7057.35,7226.85,6960.65,7210.75
Feb 08 2016,7489.70,7512.55,6869.00,6980.95
Feb 01 2016,7589.50,7600.45,7350.30,7489.10
Jan 25 2016,7468.75,7575.65,7402.80,7563.55
Jan 18 2016,7420.35,7470.90,7241.50,7422.45
Jan 11 2016,7527.45,7605.10,7425.80,7437.80
Jan 04 2016,7924.55,7937.55,7556.60,7601.35
Dec 28 2015,7863.20,7955.55,7863.00,7946.35
Dec 21 2015,7745.65,7888.75,7733.45,7861.05
Dec 14 2015,7558.20,7852.90,7551.05,7761.95
Dec 07 2015,7816.55,7825.40,7575.30,7610.45
Nov 30 2015,7936.25,7979.30,7775.70,7781.90
Nov 23 2015,7869.50,7959.30,7812.65,7942.70
Nov 16 2015,7732.95,7906.95,7714.15,7856.55
Nov 09 2015,7788.25,7937.75,7730.90,7762.25
Nov 02 2015,8054.55,8116.10,7926.15,7954.30
Oct 26 2015,8333.65,8336.30,8044.40,8065.80
Oct 19 2015,8262.55,8328.10,8217.15,8295.45
Oct 12 2015,8231.50,8246.40,8088.60,8238.15
Oct 05 2015,8005.10,8232.20,8005.10,8189.70
Sep 28 2015,7892.80,8008.25,7691.20,7950.90
Sep 21 2015,7911.50,8021.60,7723.25,7868.50
Sep 14 2015,7811.10,8055.00,7761.85,7981.90
Sep 07 2015,7685.85,7864.85,7539.50,7789.30
Aug 31 2015,8009.25,8043.60,7626.85,7655.05
Aug 24 2015,8055.95,8091.80,7667.25,8001.95
Aug 17 2015,8530.50,8530.60,8225.05,8299.95
Aug 10 2015,8577.00,8621.55,8337.95,8518.55
Aug 03 2015,8510.65,8606.30,8448.25,8564.60
Jul 27 2015,8492.10,8548.95,8321.75,8532.85
Jul 20 2015,8623.90,8654.75,8498.65,8521.55
Jul 13 2015,8397.25,8642.95,8355.40,8609.85
Jul 06 2015,8386.15,8561.35,8315.40,8360.55
Jun 29 2015,8247.05,8497.75,8195.65,8484.90
Jun 22 2015,8259.30,8423.15,8257.40,8381.10
Jun 15 2015,7986.60,8250.80,7944.85,8224.95
Jun 08 2015,8124.35,8163.05,7940.30,7982.90
Jun 01 2015,8417.25,8467.15,8056.75,8114.70
May 25 2015,8438.15,8443.90,8270.15,8433.65
May 18 2015,8284.95,8489.55,8271.95,8458.95
May 11 2015,8243.20,8332.75,8089.80,8262.35
May 04 2015,8230.05,8355.65,7997.15,8191.50
Apr 27 2015,8330.55,8334.45,8144.75,8181.50
Apr 20 2015,8618.80,8619.95,8273.35,8305.25
Apr 13 2015,8801.75,8841.65,8596.70,8606.00
Apr 06 2015,8615.80,8787.40,8573.75,8780.35
Mar 30 2015,8390.95,8603.40,8380.75,8586.25
Mar 23 2015,8591.55,8627.75,8269.15,8341.40
Mar 16 2015,8656.75,8788.20,8553.00,8570.90
Mar 09 2015,8891.15,8891.30,8631.75,8647.75
Mar 02 2015,8953.85,9119.20,8849.35,8937.75
Feb 23 2015,8856.85,8869.00,8669.45,8844.60
Feb 16 2015,8831.40,8913.45,8793.40,8833.60
Feb 09 2015,8584.40,8822.10,8470.50,8805.50
Feb 02 2015,8802.50,8840.80,8645.55,8661.05
Jan 26 2015,8871.35,8996.60,8775.10,8808.90
Jan 19 2015,8550.05,8866.40,8531.50,8835.60
Jan 12 2015,8291.35,8530.75,8236.65,8513.80
Jan 05 2015,8407.95,8445.60,8065.45,8284.50
Dec 29 2014,8214.70,8410.60,8214.70,8395.45
Dec 22 2014,8255.00,8364.75,8147.95,8200.70
Dec 15 2014,8160.75,8263.45,7961.35,8225.20
Dec 08 2014,8538.65,8546.35,8216.30,8224.10
Dec 01 2014,8605.10,8626.95,8504.65,8538.30
Nov 24 2014,8490.95,8617.00,8429.45,8588.25
Nov 17 2014,8378.40,8489.80,8349.10,8477.35
Nov 10 2014,8337.80,8415.05,8304.45,8389.90
Nov 03 2014,8348.15,8365.55,8290.25,8337.00
Oct 27 2014,8064.35,8330.75,7985.65,8322.20
Oct 20 2014,7896.95,8031.75,7856.95,8014.55
Oct 13 2014,7831.00,7928.00,7723.85,7779.70
Oct 06 2014,7897.40,7972.35,7815.75,7859.95
Sep 29 2014,7978.45,8030.90,7923.85,7945.55
Sep 22 2014,8084.45,8159.90,7841.80,7968.85
Sep 15 2014,8070.35,8160.90,7925.15,8121.45
Sep 08 2014,8132.95,8180.20,8057.30,8105.50
Sep 01 2014,7990.35,8141.90,7984.00,8086.85
Aug 25 2014,7931.75,7968.25,7862.45,7954.35
Aug 18 2014,7785.25,7929.05,7779.20,7913.20
Aug 11 2014,7619.85,7796.70,7598.60,7791.70
Aug 04 2014,7639.55,7752.45,7540.10,7568.55
Jul 28 2014,7792.90,7799.90,7593.90,7602.60
Jul 21 2014,7701.65,7840.95,7674.00,7790.45
Jul 14 2014,7469.00,7685.00,7422.15,7663.90
Jul 07 2014,7780.40,7808.85,7447.20,7459.60
Jun 30 2014,7534.05,7758.00,7531.60,7751.60
Jun 23 2014,7514.00,7593.35,7441.60,7508.80
Jun 16 2014,7534.80,7663.00,7487.55,7511.45
Jun 09 2014,7621.65,7700.05,7525.35,7542.10
Jun 02 2014,7264.05,7592.70,7239.50,7583.40
May 26 2014,7428.75,7504.00,7118.45,7229.95
May 19 2014,7276.85,7381.00,7193.55,7367.10
May 12 2014,6863.40,7563.50,6862.90,7203.00
May 05 2014,6681.65,6871.35,6638.55,6858.80
Apr 28 2014,6778.55,6786.25,6656.80,6694.80
Apr 21 2014,6789.25,6869.85,6772.85,6782.75
Apr 14 2014,6792.70,6813.40,6665.15,6779.40
Apr 07 2014,6694.25,6819.05,6650.40,6776.30
Mar 31 2014,6723.15,6776.75,6662.40,6694.35
Mar 24 2014,6510.50,6702.60,6510.50,6695.90
Mar 17 2014,6532.45,6574.95,6473.25,6493.20
Mar 10 2014,6491.70,6562.85,6432.70,6504.20
Mar 03 2014,6264.35,6537.80,6212.25,6526.65
Feb 24 2014,6140.95,6282.70,6130.80,6276.95
Feb 17 2014,6071.30,6160.35,6066.80,6155.45
Feb 10 2014,6072.80,6106.60,5984.60,6048.35
Feb 03 2014,6058.80,6079.95,5933.30,6063.20
Jan 27 2014,6186.30,6188.55,6027.25,6089.50
Jan 20 2014,6261.75,6355.60,6243.35,6266.75
Jan 13 2014,6189.55,6346.50,6189.55,6261.65
Jan 06 2014,6220.85,6239.10,6139.60,6171.45
Dec 30 2013,6336.40,6358.30,6171.25,6211.15
Dec 23 2013,6267.20,6324.90,6259.45,6313.80
Dec 16 2013,6168.35,6284.50,6129.95,6274.25
Dec 09 2013,6415.00,6415.25,6161.40,6168.40
Dec 02 2013,6171.15,6300.55,6149.90,6259.90
Nov 25 2013,6035.95,6182.50,6030.30,6176.10
Nov 18 2013,6111.05,6212.40,5972.80,5995.45
Nov 11 2013,6110.40,6141.65,5972.45,6056.15
Nov 04 2013,6282.15,6304.75,6120.95,6140.75
Oct 28 2013,6155.10,6332.60,6079.20,6307.20
Oct 21 2013,6202.00,6252.45,6116.60,6144.90
Oct 14 2013,6093.00,6201.45,6032.55,6189.35
Oct 07 2013,5889.05,6107.60,5825.85,6096.20
Sep 30 2013,5801.05,5950.45,5700.95,5907.30
Sep 23 2013,5945.80,5989.40,5811.10,5833.20
Sep 16 2013,5930.30,6142.50,5798.15,6012.10
Sep 09 2013,5738.50,5932.00,5738.20,5850.60
Sep 02 2013,5480.25,5688.60,5318.90,5680.40
Aug 26 2013,5499.40,5528.70,5118.85,5471.80
Aug 19 2013,5497.55,5504.10,5254.05,5471.75
Aug 12 2013,5606.70,5754.55,5496.05,5507.85
Aug 05 2013,5682.40,5721.00,5486.85,5565.65
Jul 29 2013,5869.95,5886.00,5649.00,5677.90
Jul 22 2013,6009.75,6093.35,5869.50,5886.20
Jul 15 2013,5991.20,6066.85,5910.95,6029.20
Jul 08 2013,5833.15,6019.00,5775.55,6009.00
Jul 01 2013,5834.10,5904.35,5760.40,5867.90
Jun 24 2013,5638.05,5852.95,5566.25,5842.20
Jun 17 2013,5820.40,5863.40,5616.85,5667.65
Jun 10 2013,5907.90,5931.65,5683.10,5808.40
Jun 03 2013,5997.35,6011.00,5869.50,5881.00
May 27 2013,5989.40,6133.75,5975.55,5985.95
May 20 2013,6198.00,6229.45,5936.80,5983.55
May 13 2013,6098.20,6199.95,5970.05,6187.30
May 06 2013,5944.90,6105.30,5928.45,6094.75
Apr 29 2013,5877.60,6019.45,5867.80,5944.00
Apr 22 2013,5789.85,5924.60,5789.80,5871.45
Apr 15 2013,5508.50,5794.35,5500.30,5783.10
Apr 08 2013,5550.50,5610.65,5477.20,5528.55
Apr 01 2013,5697.35,5754.60,5534.70,5553.25
Mar 25 2013,5707.30,5718.40,5604.85,5682.55
Mar 18 2013,5816.75,5863.60,5631.80,5651.35
Mar 11 2013,5946.10,5971.20,5791.75,5872.60
Mar 04 2013,5704.70,5952.85,5663.60,5945.70
Feb 25 2013,5870.55,5878.40,5671.90,5719.70
Feb 18 2013,5888.65,5971.00,5835.80,5850.30
Feb 11 2013,5920.05,5969.50,5853.90,5887.40
Feb 04 2013,6025.20,6038.50,5883.65,5903.50
Jan 28 2013,6082.10,6111.80,5983.20,5998.90
Jan 21 2013,6085.75,6101.30,6007.85,6074.65
Jan 14 2013,5967.20,6083.40,5962.15,6064.40
Jan 07 2013,6042.15,6042.15,5940.60,5951.30
Dec 31 2012,5901.20,6020.75,5897.15,6016.15
Dec 24 2012,5869.00,5930.80,5844.70,5908.35
Dec 17 2012,5860.50,5939.40,5823.15,5847.70
Dec 10 2012,5916.05,5965.15,5839.15,5879.60
Dec 03 2012,5878.25,5949.85,5838.90,5907.40
Nov 26 2012,5648.65,5885.25,5623.45,5879.85
Nov 19 2012,5577.30,5643.35,5548.35,5626.60
Nov 12 2012,5688.45,5718.90,5559.80,5574.05
Nov 05 2012,5693.05,5777.30,5677.75,5686.25
Oct 29 2012,5665.20,5711.30,5583.05,5697.70
Oct 22 2012,5667.60,5721.55,5641.75,5664.30
Oct 15 2012,5674.25,5722.50,5633.90,5684.25
Oct 08 2012,5751.85,5751.85,5636.95,5676.05
Oct 01 2012,5704.75,5815.35,4888.20,5746.95
Sep 24 2012,5691.95,5735.15,5638.65,5703.30
Sep 17 2012,5631.75,5720.00,5534.90,5691.15
Sep 10 2012,5361.90,5586.65,5332.10,5577.65
Sep 03 2012,5276.50,5347.15,5215.70,5342.10
Aug 27 2012,5387.85,5399.15,5238.90,5258.50
Aug 20 2012,5368.70,5448.60,5368.70,5386.70
Aug 13 2012,5316.35,5399.95,5309.05,5366.30
Aug 06 2012,5260.85,5377.60,5260.85,5320.40
Jul 30 2012,5129.75,5246.35,5129.75,5215.70
Jul 23 2012,5163.25,5164.20,5032.40,5099.85
Jul 16 2012,5232.35,5257.75,5169.05,5205.10
Jul 09 2012,5283.70,5348.55,5216.85,5227.25
Jul 02 2012,5283.85,5333.65,5263.35,5316.95
Jun 25 2012,5158.50,5286.25,5095.50,5278.90
Jun 18 2012,5174.00,5190.20,5041.70,5146.05
Jun 11 2012,5096.70,5146.20,5015.15,5139.05
Jun 04 2012,4797.30,5084.45,4770.35,5068.35
May 28 2012,4931.70,5020.15,4831.75,4841.60
May 21 2012,4954.70,4956.35,4803.95,4920.40
May 14 2012,4934.35,4957.20,4788.95,4891.45
May 07 2012,5017.80,5124.75,4906.15,4928.90
Apr 30 2012,5201.45,5279.60,5070.60,5086.85
Apr 23 2012,5277.40,5310.55,5154.30,5190.60
Apr 16 2012,5190.60,5342.45,5183.50,5290.85
Apr 09 2012,5282.50,5306.75,5185.40,5207.45
Apr 02 2012,5296.35,5378.75,5278.80,5322.90
Mar 26 2012,5274.35,5307.10,5135.95,5295.55
Mar 19 2012,5337.35,5385.95,5205.65,5278.20
Mar 12 2012,5420.10,5499.40,5305.00,5317.90
Mar 05 2012,5342.55,5382.05,5171.45,5333.55
Feb 27 2012,5448.10,5458.80,5268.15,5359.35
Feb 20 2012,5561.90,5629.95,5405.90,5429.30
Feb 13 2012,5382.10,5606.70,5351.40,5564.30
Feb 06 2012,5379.45,5427.75,5322.95,5381.60
Jan 30 2012,5163.55,5334.85,5076.70,5325.85
Jan 23 2012,5025.35,5217.00,5021.35,5204.70
Jan 16 2012,4844.00,5064.15,4827.05,5048.60
Jan 09 2012,4747.55,4898.85,4695.45,4866.00
Jan 02 2012,4675.80,4794.90,4675.80,4754.10
Dec 26 2011,4780.20,4800.50,4608.90,4624.30
Dec 19 2011,4623.15,4763.45,4531.15,4714.00
Dec 12 2011,4906.85,4910.25,4628.20,4651.60
Dec 05 2011,5036.50,5099.25,4841.75,4866.70
Nov 28 2011,4769.30,5062.55,4754.80,5050.15
Nov 21 2011,4873.80,4873.80,4640.95,4710.05
Nov 14 2011,5217.35,5228.90,4837.95,4905.80
Nov 07 2011,5292.25,5317.50,5142.25,5168.85
Oct 31 2011,5358.90,5360.25,5201.85,5284.20
Oct 24 2011,5114.70,5399.70,5084.75,5360.70
Oct 17 2011,5156.20,5160.20,5011.05,5049.95
Oct 10 2011,4886.85,5141.40,4882.05,5132.30
Oct 03 2011,4874.40,4922.60,4728.30,4888.05
Sep 26 2011,4878.60,5034.25,4758.85,4943.25
Sep 19 2011,5068.40,5168.40,4829.60,4867.75
Sep 12 2011,4981.70,5143.60,4911.05,5084.25
Sep 05 2011,4998.90,5169.25,4942.90,5059.45
Aug 29 2011,4806.20,5113.70,4806.05,5040.00
Aug 22 2011,4843.70,4965.80,4720.00,4747.80
Aug 15 2011,5125.75,5132.20,4796.10,4845.65
Aug 08 2011,5083.85,5204.20,4946.45,5072.95
Aug 01 2011,5527.50,5551.90,5116.45,5211.25
Jul 25 2011,5633.80,5702.25,5453.95,5482.00
Jul 18 2011,5581.75,5645.40,5532.70,5633.95
Jul 11 2011,5648.05,5652.90,5496.95,5581.10
Jul 04 2011,5679.55,5740.40,5610.75,5660.65
Jun 27 2011,5441.20,5705.80,5434.25,5627.20
Jun 20 2011,5372.20,5477.85,5195.90,5471.25
Jun 13 2011,5469.85,5520.15,5355.85,5366.40
Jun 06 2011,5504.30,5570.10,5457.45,5485.80
May 30 2011,5493.75,5604.95,5458.60,5516.75
May 23 2011,5456.70,5485.80,5328.70,5476.10
May 16 2011,5541.70,5541.80,5401.25,5486.35
May 09 2011,5575.20,5605.00,5472.15,5544.75
May 02 2011,5766.90,5775.25,5443.65,5551.45
Apr 25 2011,5859.60,5906.60,5706.05,5749.50
Apr 18 2011,5824.35,5912.90,5693.25,5884.70
Apr 11 2011,5805.35,5923.60,5735.55,5824.55
Apr 04 2011,5842.00,5944.45,5822.00,5842.00
Mar 28 2011,5645.25,5872.00,5643.20,5826.05
Mar 21 2011,5408.75,5667.10,5348.20,5654.25
Mar 14 2011,5436.50,5537.30,5366.40,5373.70
Mar 07 2011,5490.05,5563.30,5408.45,5445.45
Feb 28 2011,5330.15,5608.20,5308.60,5538.75
Feb 21 2011,5456.60,5526.25,5232.75,5303.55
Feb 14 2011,5340.25,5599.25,5340.25,5458.95
Feb 07 2011,5430.15,5440.35,5177.70,5310.00
Jan 31 2011,5452.55,5556.30,5369.05,5395.75
Jan 24 2011,5717.10,5801.55,5459.55,5512.15
Jan 17 2011,5648.80,5747.65,5624.15,5696.50
Jan 10 2011,5901.30,5907.25,5639.65,5654.55
Jan 03 2011,6177.45,6181.05,5883.60,5904.60
Dec 27 2010,6013.30,6147.30,5982.25,6134.50
Dec 20 2010,5926.85,6023.80,5900.25,6011.60
Dec 13 2010,5882.65,5956.15,5795.90,5948.75
Dec 06 2010,6033.65,6069.45,5721.15,5857.35
Nov 29 2010,5789.95,6029.50,5754.70,5992.80
Nov 22 2010,5920.90,6020.25,5690.35,5751.95
Nov 15 2010,6079.90,6144.05,5863.95,5890.30
Nov 08 2010,6335.25,6335.90,6056.75,6071.65
Nov 01 2010,6092.30,6338.50,6084.75,6312.45
Oct 25 2010,6101.25,6151.30,5937.10,6017.70
Oct 18 2010,6112.75,6127.05,5966.75,6066.05
Oct 11 2010,6105.95,6284.10,6050.35,6062.65
Oct 04 2010,6144.70,6223.40,6067.00,6103.45
Sep 27 2010,6018.30,6153.10,5963.60,6143.40
Sep 20 2010,5885.05,6037.40,5885.05,6018.30
Sep 13 2010,5639.20,5901.65,5639.20,5884.95
Sep 06 2010,5479.55,5647.45,5479.55,5640.05
Aug 30 2010,5408.90,5513.95,5348.90,5479.40
Aug 23 2010,5531.15,5549.80,5391.95,5408.70
Aug 16 2010,5452.10,5546.60,5397.40,5530.65
Aug 09 2010,5439.80,5492.30,5372.45,5452.10
Aug 02 2010,5369.55,5487.15,5351.30,5439.25
Jul 26 2010,5446.55,5466.25,5349.20,5367.60
Jul 19 2010,5392.70,5477.50,5353.60,5449.10
Jul 12 2010,5352.25,5453.45,5351.60,5393.90
Jul 05 2010,5237.00,5359.05,5225.85,5352.45
Jun 28 2010,5271.10,5339.45,5210.00,5237.10
Jun 21 2010,5266.50,5366.75,5259.90,5269.05
Jun 14 2010,5120.15,5302.30,5120.15,5262.60
Jun 07 2010,5132.95,5139.05,4967.30,5119.35
May 31 2010,5076.10,5147.90,4961.05,5135.50
May 24 2010,4944.30,5077.25,4786.45,5066.55
May 17 2010,5093.90,5105.20,4842.30,4931.15
May 10 2010,5026.60,5212.70,5026.60,5093.50
May 03 2010,5278.40,5278.70,4984.60,5018.05
Apr 26 2010,5299.35,5342.35,5202.45,5278.00
Apr 19 2010,5279.05,5331.80,5160.90,5304.10
Apr 12 2010,5354.15,5382.15,5237.55,5262.60
Apr 05 2010,5291.40,5399.65,5290.25,5361.75
Mar 29 2010,5283.90,5329.55,5235.15,5290.50
Mar 22 2010,5260.95,5293.75,5187.05,5282.00
Mar 15 2010,5134.45,5269.95,5101.20,5262.80
Mar 08 2010,5092.15,5158.10,5092.05,5137.00
Mar 01 2010,4935.60,5118.65,4935.35,5088.70
Feb 22 2010,4849.35,4992.00,4833.15,4922.30
Feb 15 2010,4827.90,4929.70,4783.90,4844.90
Feb 08 2010,4755.35,4843.80,4675.40,4826.85
Feb 01 2010,4882.05,4951.15,4692.35,4718.65
Jan 25 2010,5034.55,5035.70,4766.00,4882.05
Jan 18 2010,5253.65,5292.50,4954.85,5036.00
Jan 11 2010,5263.80,5300.50,5169.55,5252.20
Jan 04 2010,5200.90,5310.85,5167.10,5244.75
Dec 28 2009,5180.75,5221.85,5160.10,5201.05
Dec 21 2009,4983.65,5197.90,4943.95,5178.40
Dec 14 2009,5117.45,5156.70,4979.05,4987.70
Dec 07 2009,5108.85,5182.55,5051.55,5117.30
Nov 30 2009,4942.25,5181.00,4942.25,5108.90
Nov 23 2009,5052.95,5138.00,4806.70,4941.75
Nov 16 2009,4996.50,5079.30,4932.80,5052.45
Nov 09 2009,4796.15,5017.90,4789.90,4998.95
Nov 02 2009,4712.25,4836.20,4538.50,4796.15
Oct 26 2009,4997.15,5033.75,4687.50,4711.70
Oct 19 2009,5145.60,5181.95,4968.45,4997.05
Oct 12 2009,4945.45,5152.25,4945.45,5142.15
Oct 05 2009,5076.05,5077.00,4921.05,4945.20
Sep 28 2009,4959.15,5110.50,4959.10,5083.40
Sep 21 2009,4977.10,5036.30,4904.05,4958.95
Sep 14 2009,4830.35,5003.05,4786.25,4976.05
Sep 07 2009,4682.40,4889.05,4679.30,4829.55
Aug 31 2009,4730.85,4735.90,4576.60,4680.40
Aug 24 2009,4536.95,4743.75,4536.95,4732.35
Aug 17 2009,4578.80,4578.80,4353.45,4528.80
Aug 10 2009,4486.50,4619.00,4359.40,4580.05
Aug 03 2009,4633.80,4731.45,4463.95,4481.40
Jul 27 2009,4568.65,4669.75,4420.80,4636.45
Jul 20 2009,4377.90,4578.75,4377.90,4568.55
Jul 13 2009,4003.40,4390.40,3918.75,4374.95
Jul 06 2009,4429.60,4479.80,3976.80,4003.90
Jun 29 2009,4375.40,4439.95,4249.70,4424.25
Jun 22 2009,4314.20,4383.75,4143.25,4375.50
Jun 15 2009,4584.65,4601.05,4206.70,4313.60
Jun 08 2009,4582.35,4693.20,4365.10,4583.40
Jun 01 2009,4450.40,4636.85,4450.40,4586.90
May 25 2009,4238.10,4488.05,4092.25,4448.95
May 18 2009,3673.15,4509.40,3673.15,4238.50
May 11 2009,3615.75,3709.60,3534.20,3671.65
May 04 2009,3478.70,3717.05,3478.70,3620.70
Apr 27 2009,3481.30,3517.25,3351.50,3473.95
Apr 20 2009,3384.75,3491.35,3296.90,3480.75
Apr 13 2009,3342.20,3511.25,3311.80,3384.40
Apr 06 2009,3211.35,3401.15,3149.25,3342.05
Mar 30 2009,3108.75,3228.75,2962.40,3211.05
Mar 23 2009,2807.25,3123.35,2807.25,3108.65
Mar 16 2009,2716.05,2836.05,2701.95,2807.05
Mar 09 2009,2620.10,2726.15,2555.60,2719.25
Mar 02 2009,2764.60,2764.60,2539.45,2620.15
Feb 23 2009,2737.25,2797.80,2677.55,2763.65
Feb 16 2009,2948.25,2953.20,2709.30,2736.45
Feb 09 2009,2843.05,2969.75,2840.15,2948.35
Feb 02 2009,2872.35,2873.45,2752.90,2843.10
Jan 26 2009,2686.05,2881.00,2685.25,2874.80
Jan 19 2009,2828.70,2868.20,2661.65,2678.55
Jan 12 2009,2868.85,2869.20,2701.75,2828.45
Jan 05 2009,3058.75,3147.20,2810.25,2873.00
Dec 29 2008,2857.15,3079.85,2812.90,3046.75
Dec 22 2008,3077.25,3110.45,2844.80,2857.25
Dec 15 2008,2917.90,3106.80,2917.90,3077.50
Dec 08 2008,2714.70,2945.30,2714.70,2921.35
Dec 01 2008,2755.15,2832.85,2570.70,2714.40
Nov 24 2008,2690.85,2790.70,2633.80,2755.10
Nov 17 2008,2813.40,2835.70,2502.90,2693.45
Nov 10 2008,2973.30,3161.25,2778.80,2810.35
Nov 03 2008,2885.40,3240.55,2860.10,2973.00
Oct 27 2008,2583.75,2921.35,2252.75,2885.60
Oct 20 2008,3108.20,3254.85,2525.05,2584.00
Oct 13 2008,3272.90,3648.25,3046.60,3074.35
Oct 06 2008,3817.30,3820.85,3198.95,3279.95
Sep 29 2008,3990.20,4000.50,3715.05,3818.30
Sep 22 2008,4248.95,4303.25,3970.35,3985.25
Sep 15 2008,4231.95,4262.65,3799.55,4245.25
Sep 08 2008,4358.30,4558.00,4200.15,4228.45
Sep 01 2008,4356.10,4522.40,4281.35,4352.30
Aug 25 2008,4317.95,4398.80,4201.85,4360.00
Aug 18 2008,4430.70,4447.40,4248.00,4327.45
Aug 11 2008,4529.35,4649.85,4421.25,4430.70
Aug 04 2008,4426.10,4615.90,4362.90,4529.50
Jul 28 2008,4282.25,4422.95,4159.15,4413.55
Jul 21 2008,4092.20,4539.45,4072.75,4311.85
Jul 14 2008,4047.45,4118.10,3790.20,4092.25
Jul 07 2008,4002.00,4215.50,3896.05,4049.00
Jun 30 2008,4136.25,4163.00,3848.25,4016.00
Jun 23 2008,4351.15,4351.15,4093.20,4136.65
Jun 16 2008,4536.30,4679.75,4333.60,4347.55
Jun 09 2008,4626.45,4626.45,4369.80,4517.10
Jun 02 2008,4869.25,4908.80,4536.25,4627.80
May 26 2008,4953.60,4957.40,4801.90,4870.10
May 19 2008,5157.00,5160.05,4940.70,4946.55
May 12 2008,4981.00,5167.40,4913.80,5157.70
May 05 2008,5227.25,5254.50,4969.40,4982.60
Apr 28 2008,5112.50,5298.85,5079.15,5228.20
Apr 21 2008,4955.90,5117.70,4955.90,5111.70
Apr 14 2008,4779.95,4984.95,4708.30,4958.40
Apr 07 2008,4631.35,4817.40,4628.80,4777.80
Mar 31 2008,4942.15,4947.00,4628.75,4647.00
Mar 24 2008,4576.80,4970.80,4539.80,4942.00
Mar 17 2008,4745.45,4745.45,4468.55,4573.95
Mar 10 2008,4767.80,5019.20,4580.15,4745.80
Mar 03 2008,5222.80,5222.80,4672.25,4771.60
Feb 25 2008,5112.25,5368.15,5055.15,5223.50
Feb 18 2008,5304.45,5368.45,5092.80,5110.75
Feb 11 2008,5120.55,5315.40,4803.60,5302.90
Feb 04 2008,5315.55,5545.20,5034.25,5120.35
Jan 28 2008,5380.95,5391.60,5071.00,5317.25
Jan 21 2008,5705.00,5705.00,4448.50,5383.35
Jan 14 2008,6208.80,6260.45,5677.00,5705.30
Jan 07 2008,6271.00,6357.10,6112.55,6200.10
Dec 31 2007,6095.00,6300.05,6060.85,6274.30
Dec 24 2007,5771.30,6110.85,5771.30,6079.70
Dec 17 2007,6037.95,6039.95,5676.70,5766.50
Dec 10 2007,5974.00,6185.40,5923.35,6047.70
Dec 03 2007,5765.45,6042.10,5754.60,5974.30
Nov 26 2007,5611.30,5782.55,5595.50,5762.75
Nov 19 2007,5908.05,5981.80,5394.35,5608.60
Nov 12 2007,5660.60,5966.95,5477.50,5906.85
Nov 05 2007,5931.90,5957.20,5614.90,5663.25
Oct 29 2007,5708.90,6011.95,5708.90,5932.40
Oct 22 2007,5202.75,5716.90,5070.90,5702.30
Oct 15 2007,5428.35,5736.80,5101.75,5215.30
Oct 08 2007,5186.25,5549.30,5000.95,5428.25
Oct 01 2007,5021.50,5261.35,5001.35,5185.85
Sep 24 2007,4837.15,5055.80,4837.15,5021.35
Sep 17 2007,4518.45,4855.70,4481.55,4837.55